Charli XCX,Number 1 Angel,3AM (Pull Up) (feat. MØ),16 Aug 2018 16:48
Charli XCX,Number 1 Angel,Dreamer,16 Aug 2018 16:44
Frank Ocean,channel ORANGE (Explicit Version),Super Rich Kids,16 Aug 2018 16:39
Lana Del Rey,Honeymoon,Art Deco,16 Aug 2018 15:13
Lana Del Rey,Ultraviolence (Deluxe),Brooklyn Baby,16 Aug 2018 15:07
Marina & the Diamonds,The Family Jewels,Are You Satisfied?,16 Aug 2018 15:04
Marina & the Diamonds,The Family Jewels,I Am Not a Robot,16 Aug 2018 15:00
Lana Del Rey,Born to Die - The Paradise Edition,Cola,16 Aug 2018 14:56
Marina & the Diamonds,Electra Heart (Deluxe),Lies,16 Aug 2018 14:52
Lana Del Rey,Born to Die - The Paradise Edition,National Anthem,16 Aug 2018 14:48
Lana Del Rey,Honeymoon,Freak,16 Aug 2018 14:44
GIRLI,Hot Mess - EP,Neck Contour,16 Aug 2018 14:40
Charli XCX,Pop 2,Porsche (feat. MØ),16 Aug 2018 14:36
RuPaul,Essential Vol. 2,Sexy Drag Queen (dootdoot 'doot-swift' Remix),16 Aug 2018 14:33
Alaska Thunderfuck,Ru Girl,Ru Girl,16 Aug 2018 14:30
Hannah Diamond,Attachment,Attachment,16 Aug 2018 14:25
Carly Rae Jepsen,Emotion (Deluxe),I Didn’t Just Come Here To Dance,16 Aug 2018 14:22
Hayley Kiyoko,Citrine EP,Gravel To Tempo,16 Aug 2018 14:18
Allie X,CollXtion II,Vintage,16 Aug 2018 14:14
Charli XCX,Number 1 Angel,Drugs (feat. ABRA),16 Aug 2018 14:11
GIRLI,Day Month Second,Day Month Second,16 Aug 2018 14:06
RuPaul,Can I Get an Amen?,Can I Get an Amen?,16 Aug 2018 14:02
Hayley Kiyoko,This Side of Paradise - EP,Cliffs Edge,16 Aug 2018 13:59
Poppy,Poppy.Computer,Bleach Blonde Baby,16 Aug 2018 13:55
cupcakKe,Audacious,LGBT,16 Aug 2018 13:53
Charli XCX,Boys,Boys,16 Aug 2018 13:50
Natalia Kills,Trouble,Controversy,16 Aug 2018 13:45
RuPaul,DRAG UP YOUR LIFE,DRAG UP YOUR LIFE,16 Aug 2018 13:43
Tove Lo,BLUE LIPS (lady wood phase II),disco tits,16 Aug 2018 13:39
GIRLI,Hot Mess - EP,Mr 10pm Bedtime,16 Aug 2018 13:36
Kim Petras,Heart To Break,Heart to Break,16 Aug 2018 13:32
Jack Antonoff,Love Simon (Original Motion Picture Soundtrack),Never Fall In Love,16 Aug 2018 13:28
Lady Gaga,ARTPOP,G.U.Y.,16 Aug 2018 13:24
Lady Gaga,Joanne (Deluxe),John Wayne,16 Aug 2018 13:21
Charli XCX,Focus / No Angel,Focus,16 Aug 2018 13:18
Charli XCX,Number 1 Angel,Roll with Me,16 Aug 2018 13:16
Charli XCX,Vroom Vroom EP,Vroom Vroom,16 Aug 2018 13:14
The 1975,The 1975,Chocolate,16 Aug 2018 13:09
Ariana Grande,Dangerous Woman,Greedy,16 Aug 2018 13:03
Charli XCX,SUCKER,Famous,16 Aug 2018 13:00
Zayn,Entertainer,Entertainer,16 Aug 2018 12:56
Marina & the Diamonds,FROOT,Blue,16 Aug 2018 12:52
Billie Eilish,dont smile at me,watch,16 Aug 2018 12:49
Madison Beer,Dead,Dead,16 Aug 2018 12:45
Tove Lo,BLUE LIPS (lady wood phase II),disco tits,16 Aug 2018 11:57
Allie X,Purge,Purge,16 Aug 2018 11:53
Troye Sivan,Blue Neighbourhood (Deluxe),YOUTH,16 Aug 2018 11:50
Hayley Kiyoko,Feelings,Feelings,16 Aug 2018 11:46
Iggy Azalea,Reclassified,We in This Bitch,16 Aug 2018 11:42
Marina & the Diamonds,The Family Jewels,Guilty,16 Aug 2018 11:38
BØRNS,Dopamine,10000 Emerald Pools,16 Aug 2018 10:40
Charli XCX,Number 1 Angel,Roll with Me,16 Aug 2018 10:37
Lorde,Pure Heroine,A World Alone,16 Aug 2018 10:32
Hana,Clay,Clay,16 Aug 2018 10:18
Nicki Minaj,Queen,Nip Tuck,16 Aug 2018 10:17
Nicki Minaj,Queen,Hard White,16 Aug 2018 10:08
Nicki Minaj,Queen,Chun Swae (feat. Swae Lee),16 Aug 2018 10:03
Nicki Minaj,Queen,Coco Chanel (feat. Foxy Brown),16 Aug 2018 10:00
Sky Ferreira,Night Time My Time,24 Hours,16 Aug 2018 08:32
Charli XCX,Number 1 Angel,Roll with Me,15 Aug 2018 20:31
Frank Ocean,Blonde,Ivy,15 Aug 2018 20:27
Lady Gaga,Joanne (Deluxe),John Wayne,15 Aug 2018 20:23
Shawn Mendes,Shawn Mendes,Lost in Japan,15 Aug 2018 20:19
Florence + the Machine,High as Hope,June,15 Aug 2018 20:15
Charli XCX,Girls Night Out,Girls Night Out,15 Aug 2018 20:11
Charli XCX,Focus / No Angel,No Angel,15 Aug 2018 20:08
Bülow,Damaged Vol. 1,Lines,15 Aug 2018 20:05
Cat Power,Woman,Woman - Single Version,15 Aug 2018 15:25
Charli XCX,Focus / No Angel,Focus,15 Aug 2018 15:22
Clean Bandit,Solo (feat. Demi Lovato),Solo (feat. Demi Lovato),15 Aug 2018 15:19
Charli XCX,Pop 2,I Got It (feat. Brooke Candy CupcakKe and Pabllo Vittar),15 Aug 2018 15:15
Nicki Minaj,Chun-Li,Chun-Li,15 Aug 2018 15:12
Charli XCX,Vroom Vroom EP,Trophy,15 Aug 2018 15:09
Charli XCX,Vroom Vroom EP,Vroom Vroom,15 Aug 2018 14:41
Lady Gaga,ARTPOP,Venus,15 Aug 2018 14:37
Charli XCX,Number 1 Angel,Roll with Me,15 Aug 2018 14:34
Charli XCX,Girls Night Out,Girls Night Out,15 Aug 2018 14:30
Dua Lipa,Dua Lipa (Deluxe),Be the One,15 Aug 2018 09:42
Ariana Grande,God is a Woman,God is a woman,15 Aug 2018 09:39
Ariana Grande,God is a Woman,God is a woman,15 Aug 2018 08:43
Drake,More Life,Passionfruit,15 Aug 2018 08:37
Tyler the Creator,OKRA,OKRA,15 Aug 2018 08:35
Fleetwood Mac,Rumours,Go Your Own Way - 2004 Remastered Edition,14 Aug 2018 20:36
Charli XCX,Pop 2,Backseat (feat. Carly Rae Jepsen),14 Aug 2018 13:37
Allie X,Focus,Focus,14 Aug 2018 13:33
Charli XCX,5 in the Morning,5 in the Morning,14 Aug 2018 13:30
Charli XCX,Focus / No Angel,Focus,14 Aug 2018 13:27
Charli XCX,Girls Night Out,Girls Night Out,14 Aug 2018 13:24
Lady Gaga,Joanne (Deluxe),Joanne,14 Aug 2018 13:21
Lady Gaga,Joanne (Deluxe),John Wayne,14 Aug 2018 13:21
Lady Gaga,Joanne (Deluxe),Joanne,14 Aug 2018 13:17
Lana Del Rey,Ultraviolence (Deluxe),Florida Kilos,14 Aug 2018 13:14
BØRNS,Blue Madonna,Blue Madonna,14 Aug 2018 13:14
Lana Del Rey,Ultraviolence (Deluxe),Florida Kilos,14 Aug 2018 13:10
Lana Del Rey,Ultraviolence (Deluxe),Guns and Roses,14 Aug 2018 13:10
Lana Del Rey,Ultraviolence (Deluxe),Guns and Roses,14 Aug 2018 13:06
Marina & the Diamonds,The Family Jewels,Girls,14 Aug 2018 13:00
Ariana Grande,Dangerous Woman,Side to Side,14 Aug 2018 12:54
Ariana Grande,The Light Is Coming,the light is coming (feat. Nicki Minaj),14 Aug 2018 12:51
Ariana Grande,My Everything,One Last Time,14 Aug 2018 12:47
Nicki Minaj,BED (feat. Ariana Grande),Bed (feat. Ariana Grande),14 Aug 2018 12:46
Ariana Grande,God is a Woman,God is a woman,14 Aug 2018 12:42
Nicki Minaj,The Pinkprint,Get on Your Knees,14 Aug 2018 11:52
Nicki Minaj,Queen,Chun Swae (feat. Swae Lee),14 Aug 2018 11:45
Charli XCX,Number 1 Angel,Emotional,14 Aug 2018 11:42
Charli XCX,Number 1 Angel,Roll with Me,14 Aug 2018 11:39
Charli XCX,Number 1 Angel,Blame It on U,14 Aug 2018 11:35
Charli XCX,Girls Night Out,Girls Night Out,14 Aug 2018 11:31
Charli XCX,Focus / No Angel,No Angel,14 Aug 2018 11:28
Nicki Minaj,Queen,Good Form,14 Aug 2018 11:25
Emile Haynie,We Fall,Wait For Life,14 Aug 2018 11:21
Marina & the Diamonds,FROOT,Blue,14 Aug 2018 10:58
Zayn,Entertainer,Entertainer,14 Aug 2018 10:54
Charli XCX,SUCKER,Famous,14 Aug 2018 10:51
Lykke Li,so sad so sexy,jaguars in the air,14 Aug 2018 10:51
Charli XCX,SUCKER,Famous,13 Aug 2018 21:16
Ariana Grande,Dangerous Woman,Greedy,13 Aug 2018 21:12
Billie Eilish,dont smile at me,hostage,13 Aug 2018 21:08
Dua Lipa,Dua Lipa (Deluxe),Homesick,13 Aug 2018 21:04
Lana Del Rey,Lust for Life,Get Free,13 Aug 2018 20:59
Lorde,Melodrama,Writer in the Dark,13 Aug 2018 20:55
Marina & the Diamonds,The Family Jewels,Numb,13 Aug 2018 20:51
Lana Del Rey,Ultraviolence (Deluxe),Old Money,13 Aug 2018 20:46
Lana Del Rey,Honeymoon,The Blackest Day,13 Aug 2018 20:40
Lorde,Melodrama,Liability,13 Aug 2018 20:37
Lana Del Rey,Ultraviolence (Deluxe),Pretty When You Cry,13 Aug 2018 20:33
Lana Del Rey,Lust for Life,13 Beaches,13 Aug 2018 20:28
Lykke Li,so sad so sexy,so sad so sexy,13 Aug 2018 20:25
Nicki Minaj,The Pinkprint (Deluxe Edition),I Lied,13 Aug 2018 20:20
Marina & the Diamonds,FROOT,Happy,13 Aug 2018 20:15
Marina & the Diamonds,The Family Jewels,Obsessions,13 Aug 2018 20:11
Fleetwood Mac,Fleetwood Mac,Landslide,13 Aug 2018 19:04
Fleetwood Mac,Tango in the Night (Deluxe),Everywhere - 2017 Remastered,13 Aug 2018 19:01
Fleetwood Mac,Rumours (Super Deluxe),Dreams - 2004 Remastered Edition,13 Aug 2018 18:56
Fleetwood Mac,Rumours (Super Deluxe),The Chain - 2004 Remastered Edition,13 Aug 2018 18:56
Fleetwood Mac,Rumours (Super Deluxe),Dreams - 2004 Remastered Edition,13 Aug 2018 18:52
Lana Del Rey,Lust for Life,White Mustang,13 Aug 2018 18:52
Lana Del Rey,Lust for Life,White Mustang,13 Aug 2018 18:47
Lana Del Rey,Lust for Life,Summer Bummer (feat. A$AP Rocky & Playboi Carti),13 Aug 2018 18:46
Lana Del Rey,Lust for Life,Summer Bummer (feat. A$AP Rocky & Playboi Carti),13 Aug 2018 18:42
Lana Del Rey,Lust for Life,White Mustang,13 Aug 2018 18:39
Lana Del Rey,Ultraviolence (Deluxe),Guns and Roses,13 Aug 2018 18:34
Shawn Mendes,Shawn Mendes,Lost in Japan,13 Aug 2018 18:34
Shawn Mendes,Shawn Mendes,Lost in Japan,13 Aug 2018 17:06
Ariana Grande,My Everything (Deluxe),Just a Little Bit of Your Heart,13 Aug 2018 17:02
Ariana Grande,God is a Woman,God is a woman,13 Aug 2018 16:58
Lykke Li,so sad so sexy,hard rain,13 Aug 2018 16:49
Lykke Li,so sad so sexy,utopia,13 Aug 2018 16:45
Lykke Li,so sad so sexy,better alone,13 Aug 2018 16:41
Lykke Li,so sad so sexy,last piece,13 Aug 2018 16:38
Lykke Li,so sad so sexy,two nights,13 Aug 2018 16:34
Lykke Li,so sad so sexy,sex money feelings die,13 Aug 2018 16:32
Lykke Li,so sad so sexy,so sad so sexy,13 Aug 2018 16:28
Lykke Li,Wounded Rhymes,I Follow Rivers,13 Aug 2018 16:23
Lana Del Rey,Honeymoon,High by the Beach,13 Aug 2018 16:19
Nicki Minaj,Queen,Chun Swae (feat. Swae Lee),13 Aug 2018 16:08
Nicki Minaj,Queen,Barbie Dreams,13 Aug 2018 16:01
Elvis Presley,Elvis' Golden Records,Hound Dog,13 Aug 2018 16:01
Elvis Presley,Elvis' Golden Records,Hound Dog,13 Aug 2018 15:56
Elvis Presley,Elvis' Golden Records,Jailhouse Rock,13 Aug 2018 15:54
Elvis Presley,Where no one stands alone,Crying in the Chapel,13 Aug 2018 15:51
Elvis Presley,Where no one stands alone,Saved,13 Aug 2018 15:48
Frank Ocean,channel ORANGE (Explicit Version),Super Rich Kids,13 Aug 2018 15:40
Frank Ocean,Blonde,Ivy,13 Aug 2018 15:40
Frank Ocean,Blonde,Ivy,13 Aug 2018 15:36
Frank Ocean,Blonde,Pink + White,13 Aug 2018 15:33
Frank Ocean,Blonde,Nights,13 Aug 2018 15:27
Nicki Minaj,Queen,Chun Swae (feat. Swae Lee),13 Aug 2018 10:01
Nicki Minaj,Queen,Good Form,13 Aug 2018 09:59
Nicki Minaj,Queen,Good Form,13 Aug 2018 09:54
Bülow,Damaged Vol. 1,Like This Guy,13 Aug 2018 08:34
Billie Eilish,dont smile at me,ocean eyes,13 Aug 2018 08:30
Lykke Li,so sad so sexy,jaguars in the air,13 Aug 2018 08:28
Sia,Genius (with Sia Diplo & Labrinth),Genius - with Sia Diplo & Labrinth,12 Aug 2018 15:39
Lana Del Rey,Honeymoon,Honeymoon,12 Aug 2018 14:25
Lana Del Rey,Honeymoon,Swan Song,12 Aug 2018 14:25
Lana Del Rey,Honeymoon,Swan Song,12 Aug 2018 14:19
Lana Del Rey,Ultraviolence (Deluxe),Guns and Roses,12 Aug 2018 14:13
Lana Del Rey,Ultraviolence (Deluxe),Black Beauty,12 Aug 2018 14:08
Lana Del Rey,Honeymoon,Freak,12 Aug 2018 09:34
Lana Del Rey,Honeymoon,Freak,12 Aug 2018 09:26
Lana Del Rey,Honeymoon,Freak,12 Aug 2018 09:05
Lana Del Rey,Honeymoon,Freak,12 Aug 2018 09:03
Delaney Jane,Bad Habits,Bad Habits,12 Aug 2018 08:59
The Carters,EVERYTHING IS LOVE,BOSS,12 Aug 2018 08:55
Bülow,Damaged Vol. 2,You & Jennifer,12 Aug 2018 08:52
Allie X,CollXtion II,Paper Love,12 Aug 2018 08:49
Bülow,Damaged Vol. 1,Lines,12 Aug 2018 08:45
Sky Ferreira,Night Time My Time,24 Hours,12 Aug 2018 08:41
Tove Lo,BLUE LIPS (lady wood phase II),disco tits,12 Aug 2018 08:37
The Neighbourhood,Wiped Out!,The Beach,11 Aug 2018 20:01
The Neighbourhood,The Neighbourhood,Nervous,11 Aug 2018 15:12
The Neighbourhood,Wiped Out!,Cry Baby,11 Aug 2018 15:08
The Neighbourhood,Wiped Out!,R.I.P. 2 My Youth,11 Aug 2018 15:05
The Neighbourhood,I Love You.,Afraid,11 Aug 2018 15:00
The Neighbourhood,The Neighbourhood,Scary Love,11 Aug 2018 14:57
The Neighbourhood,Wiped Out!,Daddy Issues,11 Aug 2018 14:52
Nicki Minaj,Queen,LLC,11 Aug 2018 14:48
Nicki Minaj,Queen,Good Form,11 Aug 2018 14:44
Nicki Minaj,Queen,Ganja Burns,11 Aug 2018 14:43
Nicki Minaj,Queen,Inspirations Outro,11 Aug 2018 14:41
Nicki Minaj,Queen,Coco Chanel (feat. Foxy Brown),11 Aug 2018 14:38
Nicki Minaj,Queen,Miami,11 Aug 2018 14:35
Nicki Minaj,Queen,Barbie Dreams,11 Aug 2018 14:31
Nicki Minaj,Queen,Sir (feat. Future),11 Aug 2018 14:27
Nicki Minaj,Queen,Come See About Me,11 Aug 2018 14:23
Nicki Minaj,Queen,2 Lit 2 Late Interlude,11 Aug 2018 14:22
Nicki Minaj,Queen,Nip Tuck,11 Aug 2018 14:19
Nicki Minaj,Queen,Good Form,11 Aug 2018 14:15
Nicki Minaj,Queen,LLC,11 Aug 2018 14:12
Charli XCX,Unlock It (feat. Kim Petras and Jay Park),Unlock It (feat. Kim Petras and Jay Park),11 Aug 2018 14:06
Charli XCX,I Got It (feat. Brooke Candy CupcakKe and Pabllo Vittar),I Got It (feat. Brooke Candy CupcakKe and Pabllo Vittar),11 Aug 2018 14:02
Rita Ora,Girls (feat. Cardi B Bebe Rexha & Charli XCX),Girls (feat. Cardi B Bebe Rexha & Charli XCX),11 Aug 2018 13:59
Charli XCX,5 in the Morning,5 in the Morning,11 Aug 2018 13:56
Charli XCX,Focus / No Angel,No Angel,11 Aug 2018 13:53
Charli XCX,Focus / No Angel,Focus,11 Aug 2018 13:49
Charli XCX,Pop 2,Delicious (feat. Tommy Cash),11 Aug 2018 13:46
Charli XCX,Pop 2,Femmebot (feat. Dorian Electra and Mykki Blanco),11 Aug 2018 13:43
Nicki Minaj,Queen,Barbie Dreams,11 Aug 2018 13:43
Nicki Minaj,Queen,Majesty (feat. Eminem & Labrinth),11 Aug 2018 13:02
Nicki Minaj,Queen,Chun Swae (feat. Swae Lee),11 Aug 2018 12:53
Nicki Minaj,Queen,Majesty (feat. Eminem & Labrinth),11 Aug 2018 12:50
Nicki Minaj,Queen,Barbie Dreams,11 Aug 2018 12:46
Nicki Minaj,Queen,Run & Hide,10 Aug 2018 21:29
Nicki Minaj,Queen,Run & Hide,10 Aug 2018 21:22
Nicki Minaj,Queen,Thought I Knew You (feat. The Weeknd),10 Aug 2018 21:19
Nicki Minaj,Queen,Bed (feat. Ariana Grande),10 Aug 2018 21:16
Nicki Minaj,Queen,Rich Sex (feat. Lil Wayne),10 Aug 2018 21:12
Nicki Minaj,Queen,Hard White,10 Aug 2018 21:12
Nicki Minaj,Queen,Rich Sex (feat. Lil Wayne),10 Aug 2018 21:06
BANKS,The Altar,Lovesick,10 Aug 2018 20:22
Nicki Minaj,Queen,Ganja Burns,10 Aug 2018 20:12
Nicki Minaj,Queen,Barbie Dreams,10 Aug 2018 17:21
Nicki Minaj,Queen,Majesty (feat. Eminem & Labrinth),10 Aug 2018 17:16
Nicki Minaj,Queen,Ganja Burns,10 Aug 2018 17:11
Marina & the Diamonds,Electra Heart,Hypocrates,10 Aug 2018 17:11
Marina & the Diamonds,Electra Heart,Hypocrates,10 Aug 2018 14:44
Lana Del Rey,Paradise,Bel Air,10 Aug 2018 14:44
Grimes,Art Angels,Easily,10 Aug 2018 14:23
Allie X,CollXtion II,True Love is Violent,10 Aug 2018 14:19
Marina & the Diamonds,FROOT,I'm a Ruin,10 Aug 2018 14:14
TransViolet,Kaleidoscopes,Bruises,10 Aug 2018 14:11
Charli XCX,Boys,Boys,10 Aug 2018 14:08
Grimes,Art Angels,Kill V. Maim,10 Aug 2018 14:04
Zella Day,Man on the Moon / Hunnie Pie,Hunnie Pie,10 Aug 2018 14:00
Phoebe Ryan,Forgetting All About You feat. Blackbear,Forgetting All About You feat. Blackbear,10 Aug 2018 13:57
BANKS,The Altar,Mind Games,10 Aug 2018 13:52
Allie X,Purge,Purge,10 Aug 2018 13:49
Poppy,Bubblebath,Lowlife,10 Aug 2018 13:45
Marina & the Diamonds,Electra Heart (Deluxe),Bubblegum Bitch,10 Aug 2018 13:43
Zella Day,Kicker,East of Eden,10 Aug 2018 13:40
Muna,The Loudspeaker EP,So Special,10 Aug 2018 13:36
Allie X,Paper Love (Acoustic),Paper Love - Acoustic,10 Aug 2018 13:33
Allie X,Paper Love (Billboard Remix),Paper Love - Billboard Remix,10 Aug 2018 13:29
Allie X,Paper Love (Stress Remix),Paper Love - Stress Remix,10 Aug 2018 13:26
Allie X,Casanova,Casanova,10 Aug 2018 13:22
Allie X,Casanova (The Wild Remix),Casanova - The Wild Remix,10 Aug 2018 13:18
Allie X,Lifted (Banx & Ranx Remix),Lifted - Banx & Ranx Remix,10 Aug 2018 13:15
Allie X,Focus,Focus,10 Aug 2018 13:11
Allie X,Focus (Analog Version),Focus - Analog Version,10 Aug 2018 13:07
Allie X,Not So Bad In LA,Not So Bad in LA,10 Aug 2018 13:04
Allie X,CollXtion I,Never Enough,10 Aug 2018 13:00
Allie X,CollXtion I,Sanctuary,10 Aug 2018 12:56
Allie X,CollXtion I,Good,10 Aug 2018 12:52
Allie X,CollXtion I,Bitch,10 Aug 2018 12:48
Allie X,CollXtion I,Tumor,10 Aug 2018 12:45
Allie X,CollXtion I,Prime,10 Aug 2018 12:41
Allie X,CollXtion I,Catch,10 Aug 2018 12:37
Allie X,CollXtion I,Hello,10 Aug 2018 12:33
Allie X,CollXtion II,True Love is Violent,10 Aug 2018 12:30
Allie X,CollXtion II,Downtown,10 Aug 2018 12:26
Allie X,CollXtion II,That's So Us,10 Aug 2018 12:22
Allie X,CollXtion II,Old Habits Die Hard,10 Aug 2018 12:18
Allie X,CollXtion II,Simon Says,10 Aug 2018 12:15
Allie X,CollXtion II,Lifted,10 Aug 2018 12:12
Allie X,CollXtion II,Paper Love,10 Aug 2018 12:07
Allie X,Alexandra,Alexandra,10 Aug 2018 12:04
Lykke Li,so sad so sexy,jaguars in the air,10 Aug 2018 12:00
Bülow,Damaged Vol. 2,Honor Roll,10 Aug 2018 11:57
The Neighbourhood,Wiped Out!,Daddy Issues,10 Aug 2018 11:52
Billie Eilish,dont smile at me,ocean eyes,10 Aug 2018 11:49
The Carters,EVERYTHING IS LOVE,NICE,10 Aug 2018 11:49
The Carters,EVERYTHING IS LOVE,NICE,10 Aug 2018 09:59
The Carters,EVERYTHING IS LOVE,BOSS,10 Aug 2018 09:55
The Carters,EVERYTHING IS LOVE,APESHIT,10 Aug 2018 09:50
Mariah Carey,The Emancipation of Mimi,We Belong Together,10 Aug 2018 09:47
Marina & the Diamonds,FROOT,Happy,09 Aug 2018 20:49
Marina & the Diamonds,Electra Heart (Deluxe),Bubblegum Bitch,09 Aug 2018 20:47
Marina & the Diamonds,The Family Jewels,Obsessions,09 Aug 2018 20:43
Marina & the Diamonds,Electra Heart (Deluxe),Teen Idle,09 Aug 2018 20:39
Marina & the Diamonds,The Family Jewels,Girls,09 Aug 2018 20:35
Taylor Swift,1989,I Know Places,09 Aug 2018 20:32
Taylor Swift,reputation,Delicate,09 Aug 2018 20:17
Taylor Swift,reputation,Getaway Car,09 Aug 2018 20:13
Tove Lo,BLUE LIPS (lady wood phase II),shedontknowbutsheknows,09 Aug 2018 20:09
Taylor Swift,reputation,Dancing with Our Hands Tied,09 Aug 2018 20:09
Tove Lo,BLUE LIPS (lady wood phase II),disco tits,09 Aug 2018 19:54
The Veronicas,The Veronicas,More Like Me,09 Aug 2018 19:50
Marina & the Diamonds,Electra Heart (Deluxe),Valley of the Dolls,09 Aug 2018 19:46
The Neighbourhood,I Love You.,A Little Death,09 Aug 2018 19:43
Marina & the Diamonds,The Family Jewels,Hermit the Frog,09 Aug 2018 19:42
Marina & the Diamonds,The Family Jewels,Hermit the Frog,09 Aug 2018 19:30
Lorde,Pure Heroine,Glory and Gore,09 Aug 2018 15:27
Lorde,Pure Heroine,Team,09 Aug 2018 15:24
Lorde,Pure Heroine,Buzzcut Season,09 Aug 2018 15:20
Lorde,Pure Heroine,400 Lux,09 Aug 2018 15:15
Lorde,Pure Heroine,400 Lux,09 Aug 2018 14:00
Lorde,Pure Heroine,Buzzcut Season,09 Aug 2018 13:57
Lorde,Pure Heroine,Buzzcut Season,09 Aug 2018 12:10
Lorde,Pure Heroine,Ribs,09 Aug 2018 12:05
Lorde,Pure Heroine,Royals,09 Aug 2018 12:02
Lorde,Pure Heroine,400 Lux,09 Aug 2018 11:59
Lorde,Pure Heroine,Tennis Court,09 Aug 2018 11:56
Lorde,Melodrama,The Louvre,09 Aug 2018 11:52
Lorde,Pure Heroine (Extended),Ribs,09 Aug 2018 11:47
Lorde,Pure Heroine (Extended),Swingin Party,09 Aug 2018 11:44
Bea Miller,Aurora,bored,08 Aug 2018 19:33
Bea Miller,Aurora,girlfriend,08 Aug 2018 19:30
Bea Miller,Aurora,outside,08 Aug 2018 19:27
Bea Miller,Aurora,buy me diamonds,08 Aug 2018 19:24
Lorde,Pure Heroine (Extended),400 Lux,08 Aug 2018 13:04
Lorde,Pure Heroine (Extended),400 Lux,08 Aug 2018 12:01
Lorde,Melodrama,Sober II (Melodrama),08 Aug 2018 11:57
Marina & the Diamonds,Electra Heart (Deluxe),Primadonna,07 Aug 2018 21:15
Marina & the Diamonds,FROOT,Savages,07 Aug 2018 21:11
Marina & the Diamonds,Electra Heart (Deluxe),Lies,07 Aug 2018 21:07
Marina & the Diamonds,FROOT,Can't Pin Me Down,07 Aug 2018 21:04
Marina & the Diamonds,The Family Jewels,I Am Not a Robot,07 Aug 2018 21:00
Clean Bandit,Disconnect,Disconnect,07 Aug 2018 20:56
Lana Del Rey,Born to Die - The Paradise Edition,Ride,07 Aug 2018 17:12
Lana Del Rey,Born to Die - The Paradise Edition,Ride,07 Aug 2018 17:03
Lana Del Rey,Ultraviolence (Deluxe),Old Money,07 Aug 2018 16:58
Lana Del Rey,Ultraviolence (Deluxe),Sad Girl,06 Aug 2018 19:12
Lana Del Rey,Ultraviolence (Deluxe),West Coast,06 Aug 2018 19:08
Lana Del Rey,Ultraviolence (Deluxe),Cruel World,06 Aug 2018 19:01
Lana Del Rey,Honeymoon,Don't Let Me Be Misunderstood,06 Aug 2018 18:58
Lana Del Rey,Honeymoon,Swan Song,06 Aug 2018 18:53
Lana Del Rey,Honeymoon,24,06 Aug 2018 18:48
Lana Del Rey,Honeymoon,Swan Song,06 Aug 2018 18:42
Lorde,Melodrama,Supercut,06 Aug 2018 18:42
Lorde,Melodrama,Perfect Places,06 Aug 2018 12:29
Lorde,Pure Heroine,Tennis Court,06 Aug 2018 12:26
Lorde,Melodrama,Liability,06 Aug 2018 12:23
Lorde,Pure Heroine,Team,06 Aug 2018 12:20
Lorde,Melodrama,Homemade Dynamite - Remix,06 Aug 2018 12:16
Lorde,Melodrama,Green Light,06 Aug 2018 12:12
Lorde,Pure Heroine,Royals,06 Aug 2018 12:09
Lorde,Pure Heroine,Ribs,06 Aug 2018 12:09
Marina & the Diamonds,The Family Jewels,Obsessions,04 Aug 2018 13:11
Marina & the Diamonds,FROOT,I'm a Ruin,04 Aug 2018 13:06
Marina & the Diamonds,Electra Heart (Deluxe),Starring Role,04 Aug 2018 13:03
Marina & the Diamonds,Electra Heart (Deluxe),Bubblegum Bitch,04 Aug 2018 13:00
Marina & the Diamonds,The Family Jewels,Are You Satisfied?,04 Aug 2018 12:57
Marina & the Diamonds,Electra Heart (Deluxe),Teen Idle,04 Aug 2018 12:52
Marina & the Diamonds,FROOT,Happy,04 Aug 2018 12:48
Marina & the Diamonds,The Family Jewels,Girls,04 Aug 2018 12:45
Lorde,Pure Heroine,Ribs,02 Aug 2018 22:36
Lorde,Pure Heroine,Ribs,02 Aug 2018 17:20
Allie X,CollXtion II,Casanova,02 Aug 2018 17:16
Marina & the Diamonds,The Family Jewels,Hermit the Frog,02 Aug 2018 17:12
Enya,A Day Without Rain,Only Time,02 Aug 2018 17:08
Enya,A Day Without Rain,Only Time,02 Aug 2018 16:46
Azealia Banks,Anna Wintour,Anna Wintour,02 Aug 2018 16:41
Lady Gaga,ARTPOP,Venus,02 Aug 2018 16:35
Lady Gaga,The Fame (REVISED INTERNATION VER.),Poker Face,02 Aug 2018 10:17
Lady Gaga,Joanne (Deluxe),Perfect Illusion,02 Aug 2018 10:14
Lady Gaga,Born This Way (International Special Edition Version),Born This Way,02 Aug 2018 10:10
Lady Gaga,The Fame (REVISED INTERNATION VER.),Just Dance,02 Aug 2018 10:06
Lady Gaga,The Fame Monster (UK Deluxe),Paper Gangsta,01 Aug 2018 20:25
Lady Gaga,The Fame Monster (UK Deluxe),Boys Boys Boys,01 Aug 2018 20:22
Lady Gaga,The Fame Monster (UK Deluxe),Money Honey,01 Aug 2018 20:19
Lady Gaga,The Fame Monster (UK Deluxe),The Fame,01 Aug 2018 20:15
Lady Gaga,The Fame Monster (UK Deluxe),Beautiful Dirty Rich,01 Aug 2018 20:12
Lady Gaga,The Fame Monster (UK Deluxe),Starstruck,01 Aug 2018 20:09
Lady Gaga,The Fame Monster (UK Deluxe),Eh Eh (Nothing Else I Can Say),01 Aug 2018 20:06
Lady Gaga,The Fame Monster (UK Deluxe),I Like It Rough,01 Aug 2018 20:02
Lady Gaga,The Fame Monster (UK Deluxe),Poker Face,01 Aug 2018 19:58
Lady Gaga,The Fame Monster (UK Deluxe),So Happy I Could Die,01 Aug 2018 19:54
Lady Gaga,ARTPOP,Venus,01 Aug 2018 19:47
Grimes,Art Angels,Kill V. Maim,01 Aug 2018 15:06
Florence + the Machine,High as Hope,June,31 Jul 2018 20:21
FKA twigs,M3LL155X,In Time,31 Jul 2018 20:14
FKA twigs,EP1,Ache,31 Jul 2018 20:09
FKA twigs,LP1,Two Weeks,31 Jul 2018 20:05
FKA twigs,Good to Love,Good to Love,31 Jul 2018 20:05
FKA twigs,LP1,Two Weeks,31 Jul 2018 19:59
FKA twigs,M3LL155X,In Time,31 Jul 2018 19:53
FKA twigs,EP1,Ache,31 Jul 2018 19:48
FKA twigs,Good to Love,Good to Love,31 Jul 2018 19:44
FKA twigs,LP1,Two Weeks,31 Jul 2018 19:40
Years & Years,Palo Santo (Deluxe),Preacher,31 Jul 2018 19:19
Years & Years,Palo Santo (Deluxe),Preacher,31 Jul 2018 19:13
Years & Years,Palo Santo (Deluxe),If You're Over Me,31 Jul 2018 19:10
Years & Years,Palo Santo (Deluxe),Rendezvous,31 Jul 2018 19:07
Years & Years,Palo Santo (Deluxe),Hypnotised,31 Jul 2018 19:03
Years & Years,Palo Santo (Deluxe),Karma,31 Jul 2018 19:00
Years & Years,Palo Santo (Deluxe),All for You,31 Jul 2018 18:56
Years & Years,Palo Santo (Deluxe),Sanctify,31 Jul 2018 18:53
Years & Years,Palo Santo (Deluxe),Hallelujah,31 Jul 2018 18:53
Years & Years,Palo Santo (Deluxe),Sanctify,31 Jul 2018 18:47
Miike Snow,III,For U (Feat. Charli XCX),31 Jul 2018 11:36
Charli XCX,Pop 2,Porsche (feat. MØ),31 Jul 2018 11:32
Years & Years,Communion (Deluxe),Worship,30 Jul 2018 14:39
Years & Years,Communion (Deluxe),Take Shelter,30 Jul 2018 14:35
Years & Years,Communion (Deluxe),Shine,30 Jul 2018 14:31
Years & Years,Communion (Deluxe),Real,30 Jul 2018 14:26
Years & Years,Communion (Deluxe),Foundation,30 Jul 2018 14:23
Marina & the Diamonds,The Family Jewels,Numb,30 Jul 2018 13:13
Marina & the Diamonds,The Family Jewels,Rootless,30 Jul 2018 13:10
Marina & the Diamonds,The Family Jewels,Oh No!,30 Jul 2018 13:07
Marina & the Diamonds,The Family Jewels,Hermit the Frog,30 Jul 2018 13:03
Marina & the Diamonds,The Family Jewels,The Outsider,30 Jul 2018 13:00
Marina & the Diamonds,The Family Jewels,Hollywood,30 Jul 2018 12:56
Marina & the Diamonds,The Family Jewels,Obsessions,30 Jul 2018 12:52
Marina & the Diamonds,The Family Jewels,Girls,30 Jul 2018 12:49
Marina & the Diamonds,The Family Jewels,I Am Not a Robot,30 Jul 2018 12:45
Marina & the Diamonds,The Family Jewels,Shampain,30 Jul 2018 12:42
Marina & the Diamonds,The Family Jewels,Are You Satisfied?,30 Jul 2018 12:39
Lana Del Rey,Ultraviolence (Deluxe),Guns and Roses,30 Jul 2018 12:34
Lykke Li,so sad so sexy,so sad so sexy,29 Jul 2018 22:14
Lana Del Rey,Honeymoon,Music to Watch Boys To,29 Jul 2018 18:32
Lana Del Rey,Honeymoon,Honeymoon,29 Jul 2018 16:54
Lana Del Rey,Honeymoon,Honeymoon,29 Jul 2018 14:05
Lana Del Rey,Ultraviolence (Deluxe),Florida Kilos,29 Jul 2018 14:00
Lana Del Rey,Ultraviolence (Deluxe),Guns and Roses,29 Jul 2018 13:55
Lana Del Rey,Ultraviolence (Deluxe),Black Beauty,29 Jul 2018 13:50
Lana Del Rey,Ultraviolence (Deluxe),The Other Woman,29 Jul 2018 13:47
Lana Del Rey,Ultraviolence (Deluxe),Old Money,29 Jul 2018 13:42
Lana Del Rey,Ultraviolence (Deluxe),Fucked My Way Up to the Top,29 Jul 2018 13:39
Lana Del Rey,Ultraviolence (Deluxe),Money Power Glory,29 Jul 2018 13:34
Lana Del Rey,Ultraviolence (Deluxe),Pretty When You Cry,29 Jul 2018 13:30
Lana Del Rey,Ultraviolence (Deluxe),Sad Girl,29 Jul 2018 13:25
Lana Del Rey,Ultraviolence (Deluxe),West Coast,29 Jul 2018 13:21
Lana Del Rey,Ultraviolence (Deluxe),Brooklyn Baby,29 Jul 2018 13:15
Lana Del Rey,Ultraviolence (Deluxe),Shades of Cool,29 Jul 2018 13:09
Lana Del Rey,Ultraviolence (Deluxe),Ultraviolence,29 Jul 2018 13:05
Lana Del Rey,Ultraviolence (Deluxe),Cruel World,29 Jul 2018 12:58
Years & Years,Communion (Deluxe),Take Shelter,29 Jul 2018 10:59
Years & Years,Communion (Deluxe),Take Shelter,29 Jul 2018 10:55
Years & Years,Communion (Deluxe),Take Shelter,29 Jul 2018 09:41
Years & Years,Sanctify,Sanctify,29 Jul 2018 09:37
Years & Years,#playHITSlist,Meet Years & Years!,29 Jul 2018 09:37
Years & Years,Take Shelter,Breathe,29 Jul 2018 09:33
Bülow,Damaged Vol. 2,You & Jennifer,29 Jul 2018 09:30
Tove Lo,BLUE LIPS (lady wood phase II),disco tits,29 Jul 2018 09:26
Years & Years,Communion (Deluxe),Gold,28 Jul 2018 20:44
Years & Years,Communion (Deluxe),Gold,28 Jul 2018 17:29
Years & Years,Communion (Deluxe),Real,28 Jul 2018 17:24
Years & Years,Communion (Deluxe),Foundation,28 Jul 2018 17:21
Sophie,OIL OF EVERY PEARL'S UN-INSIDES,Immaterial,28 Jul 2018 17:17
Charli XCX,Vroom Vroom EP,Vroom Vroom,28 Jul 2018 16:58
Charli XCX,Vroom Vroom EP,Vroom Vroom,28 Jul 2018 16:55
Lana Del Rey,Honeymoon,The Blackest Day,28 Jul 2018 16:00
Lana Del Rey,Ultraviolence (Deluxe),Old Money,28 Jul 2018 15:55
C418,Minecraft - Volume Beta,Beginning 2,27 Jul 2018 22:12
C418,Minecraft - Volume Alpha,Subwoofer Lullaby,27 Jul 2018 22:09
C418,Minecraft - Volume Alpha,Moog City,27 Jul 2018 22:06
C418,Minecraft - Volume Alpha,Door,27 Jul 2018 22:04
Lana Del Rey,Ultraviolence (Deluxe),Money Power Glory,27 Jul 2018 20:58
Lana Del Rey,Ultraviolence (Deluxe),Pretty When You Cry,27 Jul 2018 20:54
Lana Del Rey,Ultraviolence (Deluxe),Sad Girl,27 Jul 2018 20:48
Lana Del Rey,Ultraviolence (Deluxe),West Coast,27 Jul 2018 20:44
Lana Del Rey,Ultraviolence (Deluxe),Brooklyn Baby,27 Jul 2018 20:38
Lana Del Rey,Ultraviolence (Deluxe),Shades of Cool,27 Jul 2018 20:33
Lana Del Rey,Ultraviolence (Deluxe),Ultraviolence,27 Jul 2018 20:28
Lana Del Rey,Ultraviolence (Deluxe),Cruel World,27 Jul 2018 20:22
Marina & the Diamonds,FROOT,Better Than That,27 Jul 2018 20:21
Marina & the Diamonds,FROOT,I'm a Ruin,27 Jul 2018 18:26
Marina & the Diamonds,FROOT,Happy,27 Jul 2018 18:22
Lana Del Rey,Lust for Life,When the World Was at War We Kept Dancing,27 Jul 2018 18:22
Lana Del Rey,Lust for Life,When the World Was at War We Kept Dancing,27 Jul 2018 17:10
Lana Del Rey,Lust for Life,God Bless America - And All the Beautiful Women in It,27 Jul 2018 17:06
Lana Del Rey,Ultraviolence (Deluxe),West Coast,27 Jul 2018 17:02
Ariana Grande,Dangerous Woman,Side to Side,27 Jul 2018 16:58
Ariana Grande,No Tears Left To Cry,no tears left to cry,27 Jul 2018 16:54
Ariana Grande,God is a Woman,God is a woman,27 Jul 2018 16:50
Rita Ora,Girls (feat. Cardi B Bebe Rexha & Charli XCX),Girls (feat. Cardi B Bebe Rexha & Charli XCX),27 Jul 2018 16:50
Rita Ora,Girls (feat. Cardi B Bebe Rexha & Charli XCX),Girls (feat. Cardi B Bebe Rexha & Charli XCX),27 Jul 2018 16:41
Charli XCX,5 in the Morning,5 in the Morning,27 Jul 2018 16:38
Charli XCX,Focus / No Angel,Focus,27 Jul 2018 16:35
Charli XCX,Focus / No Angel,No Angel,27 Jul 2018 16:35
Charli XCX,Focus / No Angel,Focus,27 Jul 2018 16:33
Charli XCX,Girls Night Out,Girls Night Out,27 Jul 2018 16:29
Lana Del Rey,Honeymoon,God Knows I Tried,22 Jul 2018 18:13
Lana Del Rey,Honeymoon,Terrence Loves You,22 Jul 2018 13:11
Lana Del Rey,Honeymoon,Music to Watch Boys To,22 Jul 2018 13:06
Lana Del Rey,Honeymoon,Honeymoon,22 Jul 2018 13:00
Azealia Banks,Anna Wintour,Anna Wintour,22 Jul 2018 12:56
Ariana Grande,God is a Woman,God is a woman,22 Jul 2018 12:56
Azealia Banks,Anna Wintour,Anna Wintour,21 Jul 2018 20:36
Azealia Banks,Broke with Expensive Taste,212 (feat. Lazy Jay),21 Jul 2018 20:34
Lana Del Rey,Born to Die,Carmen,21 Jul 2018 20:32
Lana Del Rey,Ultraviolence (Deluxe),Fucked My Way Up to the Top,21 Jul 2018 20:32
Lana Del Rey,Lust for Life,Cherry,21 Jul 2018 20:23
Lana Del Rey,Lust for Life,Love,21 Jul 2018 20:20
Charli XCX,Pop 2,Unlock It (feat. Kim Petras and Jay Park),21 Jul 2018 20:16
Charli XCX,Pop 2,Tears (feat. Caroline Polachek),21 Jul 2018 20:11
Charli XCX,Pop 2,Lucky,21 Jul 2018 20:07
Sophie,OIL OF EVERY PEARL'S UN-INSIDES,Immaterial,21 Jul 2018 20:04
Charli XCX,Pop 2,Femmebot (feat. Dorian Electra and Mykki Blanco),21 Jul 2018 20:04
Charli XCX,Pop 2,I Got It (feat. Brooke Candy CupcakKe and Pabllo Vittar),21 Jul 2018 19:59
Frank Ocean,Blonde,Ivy,21 Jul 2018 19:55
Frank Ocean,Chanel,Chanel,21 Jul 2018 19:51
Frank Ocean,Blonde,Pink + White,21 Jul 2018 19:48
Frank Ocean,Blonde,Nights,21 Jul 2018 19:43
Steve Lacy,Dark Red,Dark Red,21 Jul 2018 19:39
Lorde,Pure Heroine (Extended),Tennis Court,21 Jul 2018 19:36
Tyler the Creator,The Music of Grand Theft Auto V Vol. 1: Original Music,Garbage,21 Jul 2018 19:36
Lorde,Pure Heroine (Extended),Tennis Court,21 Jul 2018 18:37
Lorde,Pure Heroine (Extended),The Love Club,21 Jul 2018 18:33
Lorde,Pure Heroine (Extended),Million Dollar Bills,21 Jul 2018 18:31
Lykke Li,Wounded Rhymes,I Follow Rivers,21 Jul 2018 17:38
Nicki Minaj,The Pinkprint (International Deluxe Explicit),Feeling Myself,20 Jul 2018 16:06
Nicki Minaj,The Pinkprint (International Deluxe Explicit),Get on Your Knees,20 Jul 2018 10:40
Nicki Minaj,The Pinkprint (International Deluxe Explicit),I Lied,20 Jul 2018 10:36
Nicki Minaj,The Pinkprint (International Deluxe Explicit),The Crying Game,20 Jul 2018 10:36
Nicki Minaj,The Pinkprint (International Deluxe Explicit),I Lied,20 Jul 2018 10:31
Meghan Trainor,All About That Bass,All About That Bass,20 Jul 2018 10:27
Nicki Minaj,The Pinkprint (International Deluxe Explicit),Grand Piano,20 Jul 2018 10:27
Lorde,Pure Heroine (Extended),Biting Down,19 Jul 2018 19:06
Lorde,Pure Heroine (Extended),Biting Down,19 Jul 2018 15:39
Lorde,Pure Heroine (Extended),Biting Down,18 Jul 2018 15:22
Lorde,Pure Heroine (Extended),The Love Club,18 Jul 2018 14:24
Lorde,Pure Heroine (Extended),Million Dollar Bills,18 Jul 2018 14:22
Lorde,Pure Heroine (Extended),Bravado,18 Jul 2018 14:18
Lorde,Pure Heroine (Extended),A World Alone,18 Jul 2018 14:13
Lorde,Pure Heroine (Extended),White Teeth Teens,18 Jul 2018 14:09
Lorde,Pure Heroine (Extended),Still Sane,18 Jul 2018 14:06
Lorde,Pure Heroine (Extended),Glory and Gore,18 Jul 2018 14:03
Lorde,Pure Heroine (Extended),Team,18 Jul 2018 14:00
Lorde,Pure Heroine (Extended),Buzzcut Season,18 Jul 2018 13:55
Lorde,Pure Heroine (Extended),Ribs,18 Jul 2018 13:51
Lorde,Pure Heroine (Extended),Royals,18 Jul 2018 13:48
Lorde,Pure Heroine (Extended),400 Lux,18 Jul 2018 13:44
Lorde,Pure Heroine (Extended),Tennis Court,18 Jul 2018 13:41
Lorde,Pure Heroine,A World Alone,18 Jul 2018 13:36
Lorde,Pure Heroine,White Teeth Teens,18 Jul 2018 13:32
Lorde,Pure Heroine,Still Sane,18 Jul 2018 13:29
Lorde,Pure Heroine,Glory and Gore,18 Jul 2018 13:26
Lorde,Pure Heroine,Team,18 Jul 2018 13:22
Lorde,Pure Heroine,Buzzcut Season,18 Jul 2018 13:18
Lorde,Pure Heroine,Ribs,18 Jul 2018 13:14
Lorde,Pure Heroine,Royals,18 Jul 2018 13:11
Lorde,Pure Heroine,400 Lux,18 Jul 2018 13:07
Lorde,Pure Heroine,Tennis Court,18 Jul 2018 13:04
Lorde,Melodrama,Homemade Dynamite - Remix,18 Jul 2018 13:00
Lorde,Melodrama,Perfect Places,18 Jul 2018 12:56
Lorde,Melodrama,Liability (Reprise),18 Jul 2018 12:54
Lorde,Melodrama,Supercut,18 Jul 2018 12:49
Lorde,Melodrama,Sober II (Melodrama),18 Jul 2018 12:46
Lorde,Melodrama,Writer in the Dark,18 Jul 2018 12:46
Lorde,Melodrama,Sober II (Melodrama),18 Jul 2018 12:43
Lorde,Melodrama,Hard Feelings/Loveless,18 Jul 2018 12:37
Lorde,Melodrama,Liability,18 Jul 2018 12:34
Lorde,Melodrama,Homemade Dynamite,18 Jul 2018 12:29
Lorde,Melodrama,The Louvre,18 Jul 2018 12:29
Lorde,Melodrama,Homemade Dynamite,18 Jul 2018 12:26
Lorde,Melodrama,Sober,18 Jul 2018 12:23
Lorde,Melodrama,Green Light,18 Jul 2018 12:19
Lorde,Pure Heroine (Extended),Swingin Party,18 Jul 2018 12:15
Lorde,Pure Heroine (Extended),Biting Down,18 Jul 2018 12:11
Lorde,Pure Heroine (Extended),The Love Club,18 Jul 2018 12:08
Lorde,Pure Heroine (Extended),Million Dollar Bills,18 Jul 2018 12:06
Lorde,Pure Heroine (Extended),A World Alone,18 Jul 2018 12:02
Lorde,Pure Heroine (Extended),Bravado,18 Jul 2018 12:02
Lorde,Pure Heroine (Extended),A World Alone,18 Jul 2018 11:57
Lorde,Pure Heroine (Extended),White Teeth Teens,18 Jul 2018 11:53
Lorde,Pure Heroine (Extended),Still Sane,18 Jul 2018 11:50
Lorde,Pure Heroine (Extended),Glory and Gore,18 Jul 2018 11:47
Lorde,Pure Heroine (Extended),Team,18 Jul 2018 11:47
Lorde,Pure Heroine (Extended),Team,18 Jul 2018 11:43
Lorde,Pure Heroine (Extended),Buzzcut Season,18 Jul 2018 11:39
Lorde,Pure Heroine (Extended),Ribs,18 Jul 2018 11:35
Lorde,Pure Heroine (Extended),Royals,18 Jul 2018 11:32
Lorde,Pure Heroine (Extended),400 Lux,18 Jul 2018 11:28
Lorde,Pure Heroine (Extended),Tennis Court,18 Jul 2018 11:25
Marina & the Diamonds,Electra Heart (Deluxe),Primadonna,18 Jul 2018 10:07
Marina & the Diamonds,FROOT,Savages,18 Jul 2018 10:03
Years & Years,Palo Santo (Deluxe),Hypnotised,17 Jul 2018 10:35
Years & Years,Palo Santo (Deluxe),Sanctify,17 Jul 2018 10:31
Years & Years,Palo Santo (Deluxe),Palo Santo,17 Jul 2018 10:27
Years & Years,Communion (Deluxe),Ready For You - Acoustic,17 Jul 2018 10:23
Years & Years,Communion (Deluxe),Border,17 Jul 2018 10:19
Years & Years,Communion (Deluxe),King - Acoustic,17 Jul 2018 10:15
Years & Years,Palo Santo (Deluxe),Karma,17 Jul 2018 10:11
Years & Years,Communion (Deluxe),1977,17 Jul 2018 10:08
Years & Years,Communion (Deluxe),Worship,17 Jul 2018 10:05
Years & Years,Communion (Deluxe),Take Shelter,17 Jul 2018 10:01
Lorde,Melodrama,Writer in the Dark,16 Jul 2018 22:50
Lorde,Melodrama,Writer in the Dark,15 Jul 2018 20:34
Lana Del Rey,Ultraviolence (Deluxe),Pretty When You Cry,15 Jul 2018 20:30
Marina & the Diamonds,FROOT,Happy,15 Jul 2018 20:26
Dua Lipa,Dua Lipa (Deluxe),Homesick,15 Jul 2018 20:22
Marina & the Diamonds,The Family Jewels,Numb,15 Jul 2018 20:17
Lana Del Rey,Lust for Life,13 Beaches,15 Jul 2018 20:13
Lykke Li,so sad so sexy,so sad so sexy,15 Jul 2018 20:09
Lana Del Rey,Honeymoon,God Knows I Tried,15 Jul 2018 20:04
Years & Years,Communion (Deluxe),Memo,15 Jul 2018 20:01
Years & Years,Communion (Deluxe),Border,15 Jul 2018 19:56
Years & Years,Communion (Deluxe),Without,15 Jul 2018 19:53
Years & Years,Communion (Deluxe),Desire,15 Jul 2018 19:49
Years & Years,Communion (Deluxe),Gold,15 Jul 2018 19:49
Years & Years,Communion (Deluxe),Desire,15 Jul 2018 19:45
Years & Years,Communion (Deluxe),King,15 Jul 2018 19:42
Years & Years,Communion (Deluxe),Ties,15 Jul 2018 19:38
Years & Years,Communion (Deluxe),Eyes Shut,15 Jul 2018 19:35
Years & Years,Communion (Deluxe),Worship,15 Jul 2018 19:31
Years & Years,Communion (Deluxe),Take Shelter,15 Jul 2018 19:27
Marina & the Diamonds,FROOT,Gold,15 Jul 2018 19:27
Marina & the Diamonds,FROOT,Forget,15 Jul 2018 13:02
Marina & the Diamonds,FROOT,Blue,15 Jul 2018 12:57
Marina & the Diamonds,FROOT,Better Than That,15 Jul 2018 12:57
Years & Years,Palo Santo,Palo Santo,15 Jul 2018 09:35
Years & Years,Palo Santo (Deluxe),Lucky Escape,15 Jul 2018 09:31
The Magician,Sunlight (feat. Years & Years) [Radio Edit],Sunlight (feat. Years and Years) - Radio Edit,15 Jul 2018 09:28
Years & Years,Take Shelter,Breathe,15 Jul 2018 09:24
Years & Years,Communion,Take Shelter,15 Jul 2018 09:20
Years & Years,Communion,Desire,15 Jul 2018 09:16
Marina & the Diamonds,FROOT,Solitaire,14 Jul 2018 13:08
Marina & the Diamonds,FROOT,Better Than That,14 Jul 2018 13:04
Marina & the Diamonds,Electra Heart (Deluxe),Homewrecker,14 Jul 2018 12:57
Marina & the Diamonds,Electra Heart (Deluxe),Lies,14 Jul 2018 12:54
Marina & the Diamonds,Electra Heart (Deluxe),Primadonna,14 Jul 2018 12:50
Marina & the Diamonds,Electra Heart (Deluxe),Bubblegum Bitch,14 Jul 2018 12:47
Years & Years,Communion (Deluxe),Worship,14 Jul 2018 12:43
Years & Years,Communion (Deluxe),Take Shelter,14 Jul 2018 12:39
Years & Years,Communion (Deluxe),Shine,14 Jul 2018 12:34
Years & Years,Communion (Deluxe),Real,14 Jul 2018 12:30
Years & Years,Communion (Deluxe),Foundation,14 Jul 2018 12:27
Years & Years,If You're Over Me (Remix),If You're Over Me - Remix,14 Jul 2018 12:27
Years & Years,If You're Over Me (Remix),If You're Over Me - Remix,14 Jul 2018 12:24
Years & Years,Communion (Deluxe),King - Acoustic,14 Jul 2018 12:20
Years & Years,Communion (Deluxe),I Want to Love,14 Jul 2018 12:17
Years & Years,Communion (Deluxe),Ready For You - Acoustic,14 Jul 2018 12:14
Years & Years,Communion (Deluxe),1977,14 Jul 2018 12:11
Years & Years,Communion (Deluxe),Memo,14 Jul 2018 12:08
Years & Years,Communion (Deluxe),Border,14 Jul 2018 12:03
Years & Years,Communion (Deluxe),Without,14 Jul 2018 12:00
Years & Years,Communion (Deluxe),Gold,14 Jul 2018 11:56
Years & Years,Communion (Deluxe),Desire,14 Jul 2018 11:52
Years & Years,Communion (Deluxe),King,14 Jul 2018 11:49
Years & Years,Communion (Deluxe),Ties,14 Jul 2018 11:45
Years & Years,Communion (Deluxe),Eyes Shut,14 Jul 2018 11:42
Years & Years,Communion (Deluxe),Worship,14 Jul 2018 11:38
Years & Years,Communion (Deluxe),Shine,14 Jul 2018 11:34
Years & Years,Communion (Deluxe),Take Shelter,14 Jul 2018 11:34
Years & Years,Communion (Deluxe),Shine,14 Jul 2018 11:09
Years & Years,Communion (Deluxe),Real,14 Jul 2018 11:05
Years & Years,Communion (Deluxe),Foundation,14 Jul 2018 11:02
Years & Years,Communion (Deluxe),Eyes Shut,14 Jul 2018 10:58
Years & Years,Communion (Deluxe),Gold,14 Jul 2018 10:58
Years & Years,Communion (Deluxe),Gold,13 Jul 2018 23:19
Years & Years,Communion (Deluxe),King,13 Jul 2018 23:15
Years & Years,Communion (Deluxe),Desire,13 Jul 2018 23:15
Years & Years,Communion (Deluxe),King,13 Jul 2018 23:12
Years & Years,Communion (Deluxe),Ties,13 Jul 2018 23:08
Years & Years,Communion (Deluxe),Eyes Shut,13 Jul 2018 23:05
Years & Years,Communion (Deluxe),Worship,13 Jul 2018 23:01
Years & Years,Communion (Deluxe),Take Shelter,13 Jul 2018 22:57
Years & Years,Communion (Deluxe),Shine,13 Jul 2018 22:53
Years & Years,Communion (Deluxe),Real,13 Jul 2018 22:48
Years & Years,Communion (Deluxe),Foundation,13 Jul 2018 22:46
Years & Years,Communion (Deluxe),Gold,13 Jul 2018 22:42
Years & Years,If You're Over Me,If You're Over Me,13 Jul 2018 22:39
Nicki Minaj,BED (feat. Ariana Grande),Bed (feat. Ariana Grande),13 Jul 2018 16:45
Lana Del Rey,Lust for Life,Summer Bummer (feat. A$AP Rocky & Playboi Carti),13 Jul 2018 00:31
Lana Del Rey,Lust for Life,Summer Bummer (feat. A$AP Rocky & Playboi Carti),12 Jul 2018 21:06
Lana Del Rey,Lust for Life,White Mustang,12 Jul 2018 21:04
Lana Del Rey,Lust for Life,Cherry,12 Jul 2018 21:01
Lana Del Rey,Lust for Life,Lust for Life (with The Weeknd),12 Jul 2018 20:55
Billie Eilish,dont smile at me,COPYCAT,12 Jul 2018 20:55
Billie Eilish,dont smile at me,COPYCAT,12 Jul 2018 20:44
Marina & the Diamonds,FROOT,I'm a Ruin,12 Jul 2018 20:39
SZA,Ctrl,Broken Clocks,12 Jul 2018 20:39
SZA,Ctrl,Broken Clocks,12 Jul 2018 15:53
SZA,Ctrl,Garden (Say It Like Dat),12 Jul 2018 15:49
SZA,Ctrl,Go Gina,12 Jul 2018 15:47
SZA,Ctrl,The Weekend,12 Jul 2018 15:42
SZA,Ctrl,Prom,12 Jul 2018 15:39
SZA,Ctrl,Drew Barrymore,12 Jul 2018 15:35
SZA,Ctrl,Doves in the Wind,12 Jul 2018 15:31
SZA,Ctrl,Love Galore,12 Jul 2018 15:26
SZA,Ctrl,Supermodel,12 Jul 2018 15:23
Terror Jr,Bop City 2: TerroRising,Terrible,12 Jul 2018 15:19
Bea Miller,Aurora,girlfriend,12 Jul 2018 15:16
Olivia O'Brien,It's Not That Deep,Tequilawine,12 Jul 2018 15:13
TransViolet,Kaleidoscopes,Bruises,12 Jul 2018 15:09
Carlie Hanson,Mood,Mood,12 Jul 2018 15:06
BAYNK,Be in Love / Years,Years,12 Jul 2018 15:03
Elohim,Elohim,Fuck Your Money,12 Jul 2018 15:00
Jaira Burns,High Rollin,High Rollin,12 Jul 2018 14:57
Florence + the Machine,High as Hope,No Choir,12 Jul 2018 14:54
Bülow,Damaged Vol. 2,You & Jennifer,12 Jul 2018 14:54
Florence + the Machine,High as Hope,No Choir,12 Jul 2018 11:55
Florence + the Machine,High as Hope,The End of Love,12 Jul 2018 11:51
Florence + the Machine,High as Hope,100 Years,12 Jul 2018 11:46
Florence + the Machine,High as Hope,Patricia,12 Jul 2018 11:42
Florence + the Machine,High as Hope,Grace,12 Jul 2018 11:37
Florence + the Machine,High as Hope,Sky Full of Song,12 Jul 2018 11:33
Florence + the Machine,High as Hope,Big God,12 Jul 2018 11:29
Florence + the Machine,High as Hope,South London Forever,12 Jul 2018 11:25
Florence + the Machine,High as Hope,Hunger,12 Jul 2018 11:21
Florence + the Machine,High as Hope,June,12 Jul 2018 11:18
Lana Del Rey,Born to Die - The Paradise Edition,Blue Jeans,12 Jul 2018 00:03
Lana Del Rey,Born to Die - The Paradise Edition,Off to the Races,11 Jul 2018 23:58
Lana Del Rey,Born to Die - The Paradise Edition,Born to Die,11 Jul 2018 23:54
Lana Del Rey,Born to Die,This Is What Makes Us Girls,11 Jul 2018 23:50
Lana Del Rey,Born to Die,Summertime Sadness,11 Jul 2018 23:45
Lana Del Rey,Born to Die,Million Dollar Man,11 Jul 2018 23:41
Lana Del Rey,Born to Die,Carmen,11 Jul 2018 23:37
Lana Del Rey,Born to Die,Radio,11 Jul 2018 23:34
Lana Del Rey,Born to Die,National Anthem,11 Jul 2018 23:30
Lana Del Rey,Born to Die,Dark Paradise,11 Jul 2018 23:30
Lana Del Rey,Born to Die,National Anthem,11 Jul 2018 23:26
Lana Del Rey,Born to Die,Diet Mountain Dew,11 Jul 2018 23:22
Lana Del Rey,Born to Die,Video Games,11 Jul 2018 23:17
Lana Del Rey,Born to Die,Blue Jeans,11 Jul 2018 23:14
Lana Del Rey,Born to Die,Off to the Races,11 Jul 2018 23:09
Lana Del Rey,Born to Die,Born to Die,11 Jul 2018 23:04
Lana Del Rey,Paradise,Bel Air,11 Jul 2018 23:00
Lana Del Rey,Paradise,Yayo,11 Jul 2018 22:55
Lana Del Rey,Paradise,Gods & Monsters,11 Jul 2018 22:51
Lana Del Rey,Paradise,Blue Velvet,11 Jul 2018 22:48
Lana Del Rey,Paradise,Body Electric,11 Jul 2018 22:44
Lana Del Rey,Paradise,Cola,11 Jul 2018 22:40
Lana Del Rey,Paradise,American,11 Jul 2018 22:36
Lana Del Rey,Paradise,Ride,11 Jul 2018 22:31
Lana Del Rey,Ultraviolence (Deluxe),Florida Kilos,11 Jul 2018 22:27
Lana Del Rey,Ultraviolence (Deluxe),Guns and Roses,11 Jul 2018 22:22
Lana Del Rey,Ultraviolence (Deluxe),Black Beauty,11 Jul 2018 22:17
Lana Del Rey,Ultraviolence (Deluxe),The Other Woman,11 Jul 2018 22:14
Lana Del Rey,Ultraviolence (Deluxe),Old Money,11 Jul 2018 22:09
Lana Del Rey,Ultraviolence (Deluxe),Fucked My Way Up to the Top,11 Jul 2018 22:06
Lana Del Rey,Ultraviolence (Deluxe),Money Power Glory,11 Jul 2018 22:01
Lana Del Rey,Ultraviolence (Deluxe),Pretty When You Cry,11 Jul 2018 21:57
Lana Del Rey,Ultraviolence (Deluxe),Sad Girl,11 Jul 2018 21:52
Lana Del Rey,Ultraviolence (Deluxe),West Coast,11 Jul 2018 21:48
Lana Del Rey,Ultraviolence (Deluxe),Brooklyn Baby,11 Jul 2018 21:42
Lana Del Rey,Ultraviolence (Deluxe),Shades of Cool,11 Jul 2018 21:36
Lana Del Rey,Honeymoon,Don't Let Me Be Misunderstood,11 Jul 2018 21:33
Lana Del Rey,Honeymoon,Swan Song,11 Jul 2018 21:28
Lana Del Rey,Honeymoon,24,11 Jul 2018 21:23
Lana Del Rey,Ultraviolence (Deluxe),Cruel World,11 Jul 2018 21:16
Lana Del Rey,Honeymoon,Don't Let Me Be Misunderstood,11 Jul 2018 21:13
Lana Del Rey,Honeymoon,Swan Song,11 Jul 2018 21:08
Lana Del Rey,Ultraviolence (Deluxe),Fucked My Way Up to the Top,11 Jul 2018 16:26
Lana Del Rey,Ultraviolence (Deluxe),Money Power Glory,11 Jul 2018 16:21
Lana Del Rey,Ultraviolence (Deluxe),Pretty When You Cry,11 Jul 2018 16:17
Lana Del Rey,Ultraviolence (Deluxe),Sad Girl,11 Jul 2018 16:12
Lana Del Rey,Ultraviolence (Deluxe),West Coast,11 Jul 2018 16:08
Lana Del Rey,Ultraviolence (Deluxe),Brooklyn Baby,11 Jul 2018 16:02
Lana Del Rey,Ultraviolence (Deluxe),Shades of Cool,11 Jul 2018 15:56
Lana Del Rey,Ultraviolence (Deluxe),Ultraviolence,11 Jul 2018 15:52
Lana Del Rey,Ultraviolence (Deluxe),Cruel World,11 Jul 2018 15:45
Lana Del Rey,Honeymoon,Don't Let Me Be Misunderstood,11 Jul 2018 15:42
Lana Del Rey,Honeymoon,Swan Song,11 Jul 2018 15:37
Lana Del Rey,Honeymoon,24,11 Jul 2018 15:32
Lana Del Rey,Honeymoon,The Blackest Day,11 Jul 2018 15:26
Lana Del Rey,Honeymoon,Salvatore,11 Jul 2018 15:21
Lana Del Rey,Honeymoon,Religion,11 Jul 2018 15:16
Lana Del Rey,Honeymoon,Burnt Norton - Interlude,11 Jul 2018 15:14
Lana Del Rey,Honeymoon,Art Deco,11 Jul 2018 15:09
Lana Del Rey,Honeymoon,Freak,11 Jul 2018 15:04
Lana Del Rey,Honeymoon,High by the Beach,11 Jul 2018 15:00
Lana Del Rey,Honeymoon,God Knows I Tried,11 Jul 2018 14:55
Lana Del Rey,Honeymoon,Terrence Loves You,11 Jul 2018 14:51
Lana Del Rey,Honeymoon,Music to Watch Boys To,11 Jul 2018 14:46
Lana Del Rey,Honeymoon,Honeymoon,11 Jul 2018 14:40
Lana Del Rey,Ultraviolence (Deluxe),Shades of Cool,10 Jul 2018 17:37
Lana Del Rey,Ultraviolence (Deluxe),Ultraviolence,10 Jul 2018 17:33
Lana Del Rey,Ultraviolence (Deluxe),Cruel World,10 Jul 2018 17:19
Lana Del Rey,Honeymoon,Don't Let Me Be Misunderstood,10 Jul 2018 17:16
Lana Del Rey,Honeymoon,Swan Song,10 Jul 2018 17:11
Lana Del Rey,Ultraviolence (Deluxe),The Other Woman,10 Jul 2018 17:08
Lana Del Rey,Ultraviolence (Deluxe),Old Money,10 Jul 2018 17:03
Lana Del Rey,Ultraviolence (Deluxe),Fucked My Way Up to the Top,10 Jul 2018 17:00
Lana Del Rey,Ultraviolence (Deluxe),Money Power Glory,10 Jul 2018 16:55
Lana Del Rey,Ultraviolence (Deluxe),Money Power Glory,10 Jul 2018 13:17
Lana Del Rey,Ultraviolence (Deluxe),Pretty When You Cry,10 Jul 2018 13:13
Lana Del Rey,Ultraviolence (Deluxe),Sad Girl,10 Jul 2018 13:08
Lana Del Rey,Ultraviolence (Deluxe),West Coast,10 Jul 2018 13:03
Lana Del Rey,Ultraviolence (Deluxe),Brooklyn Baby,10 Jul 2018 12:57
Lana Del Rey,Ultraviolence (Deluxe),Shades of Cool,10 Jul 2018 10:26
Lana Del Rey,Ultraviolence (Deluxe),Ultraviolence,10 Jul 2018 10:22
Lana Del Rey,Ultraviolence (Deluxe),Cruel World,09 Jul 2018 21:27
Lana Del Rey,Honeymoon,Don't Let Me Be Misunderstood,09 Jul 2018 21:24
Lana Del Rey,Honeymoon,Swan Song,09 Jul 2018 21:19
Lana Del Rey,Ultraviolence (Deluxe),Shades of Cool,09 Jul 2018 21:13
Lana Del Rey,Ultraviolence (Deluxe),Ultraviolence,09 Jul 2018 21:09
Lana Del Rey,Ultraviolence (Deluxe),Cruel World,09 Jul 2018 21:02
BØRNS,Dopamine,Past Lives,09 Jul 2018 18:13
BØRNS,Dopamine,American Money,09 Jul 2018 18:09
BØRNS,Dopamine,10000 Emerald Pools,09 Jul 2018 18:06
BØRNS,Dopamine,Electric Love,09 Jul 2018 18:02
Bülow,Not A Love Song (Blitz//Berlin Remix),Not A Love Song - Blitz//Berlin Remix,09 Jul 2018 18:00
Bülow,Not A Love Song (King Arthur Remix),Not A Love Song - King Arthur Remix,09 Jul 2018 17:56
Bülow,Not A Love Song (Jynx Remix),Not A Love Song - Jynx Remix,09 Jul 2018 17:52
Bülow,Damaged Vol. 1,Like This Guy,09 Jul 2018 17:50
Bülow,Not A Love Song (VAVO Remix),Not A Love Song - VAVO Remix,09 Jul 2018 17:47
Bülow,Damaged Vol. 2,Honor Roll,09 Jul 2018 17:44
Bülow,Damaged Vol. 1,Lines,09 Jul 2018 17:41
Bülow,Damaged Vol. 2,You & Jennifer,09 Jul 2018 17:38
Bülow,Damaged Vol. 1,Not A Love Song,09 Jul 2018 17:32
Bülow,Damaged Vol. 2,Honor Roll,09 Jul 2018 17:28
Bülow,Damaged Vol. 1,Lines,09 Jul 2018 17:25
Bülow,Damaged Vol. 2,You & Jennifer,09 Jul 2018 17:22
Lykke Li,so sad so sexy,so sad so sexy,09 Jul 2018 17:20
Lykke Li,so sad so sexy,sex money feelings die,09 Jul 2018 17:17
Lykke Li,so sad so sexy,deep end,09 Jul 2018 17:15
Charli XCX,Pop 2,Lucky,09 Jul 2018 17:12
Charli XCX,Pop 2,Out of My Head (feat. Tove Lo and ALMA),09 Jul 2018 17:08
Charli XCX,Pop 2,Backseat (feat. Carly Rae Jepsen),09 Jul 2018 17:04
Charli XCX,Pop 2,Track 10,09 Jul 2018 16:58
Sophie,OIL OF EVERY PEARL'S UN-INSIDES,Immaterial,09 Jul 2018 16:54
Lana Del Rey,Honeymoon,God Knows I Tried,08 Jul 2018 23:04
Lana Del Rey,Honeymoon,Terrence Loves You,08 Jul 2018 22:58
Lana Del Rey,Honeymoon,Music to Watch Boys To,08 Jul 2018 22:54
Florence + the Machine,High as Hope,June,08 Jul 2018 18:19
Iggy Azalea,Reclassified,Change Your Life,07 Jul 2018 19:47
Iggy Azalea,Reclassified,Work,07 Jul 2018 19:43
Iggy Azalea,Reclassified,We in This Bitch,07 Jul 2018 19:39
Azealia Banks,Anna Wintour,Anna Wintour,07 Jul 2018 16:19
LIZ,When I Rule The World,When I Rule the World,07 Jul 2018 16:15
Sophie,OIL OF EVERY PEARL'S UN-INSIDES,Immaterial,07 Jul 2018 16:12
Marina & the Diamonds,Electra Heart (Deluxe),Lies,06 Jul 2018 19:06
Lana Del Rey,Born to Die - The Paradise Edition,Off to the Races,06 Jul 2018 19:01
Lana Del Rey,Ultraviolence (Deluxe),Florida Kilos,06 Jul 2018 18:57
Marina & the Diamonds,The Family Jewels,Mowgli's Road,06 Jul 2018 18:54
Lana Del Rey,Lust for Life,When the World Was at War We Kept Dancing,06 Jul 2018 18:49
Marina & the Diamonds,Electra Heart (Deluxe),Teen Idle,06 Jul 2018 18:42
Lana Del Rey,Lust for Life,White Mustang,06 Jul 2018 18:39
Marina & the Diamonds,The Family Jewels,I Am Not a Robot,06 Jul 2018 18:36
Marina & the Diamonds,Electra Heart (Deluxe),Hypocrates,06 Jul 2018 18:32
Lana Del Rey,Honeymoon,Art Deco,06 Jul 2018 18:27
Lana Del Rey,Honeymoon,Freak,06 Jul 2018 18:22
Lana Del Rey,Lust for Life,Cherry,06 Jul 2018 18:19
Nhs Voices,With a Little Help from My Friends,With A Little Help From My Friends,06 Jul 2018 18:10
Lana Del Rey,Ultraviolence (Deluxe),Pretty When You Cry,05 Jul 2018 12:13
Lana Del Rey,Ultraviolence (Deluxe),Old Money,05 Jul 2018 12:09
Lana Del Rey,Honeymoon,High by the Beach,05 Jul 2018 12:06
Lana Del Rey,Honeymoon,Freak,05 Jul 2018 12:01
Lana Del Rey,Honeymoon,Art Deco,05 Jul 2018 11:56
Lana Del Rey,Ultraviolence (Deluxe),West Coast,05 Jul 2018 11:51
Lana Del Rey,Lust for Life,Tomorrow Never Came (feat. Sean Ono Lennon),05 Jul 2018 11:48
Charli XCX,Pop 2,I Got It (feat. Brooke Candy CupcakKe and Pabllo Vittar),04 Jul 2018 20:50
Nicki Minaj,The Pinkprint (International Deluxe Explicit),Get on Your Knees,03 Jul 2018 18:17
Nicki Minaj,The Pinkprint (International Deluxe Explicit),I Lied,03 Jul 2018 18:11
Nicki Minaj,The Pinkprint (International Deluxe Explicit),All Things Go,03 Jul 2018 18:04
Nicki Minaj,The Pinkprint (International Deluxe Explicit),Win Again,03 Jul 2018 17:57
Rita Ora,Girls (feat. Cardi B Bebe Rexha & Charli XCX),Girls (feat. Cardi B Bebe Rexha & Charli XCX),03 Jul 2018 17:52
Charli XCX,Pop 2,I Got It (feat. Brooke Candy CupcakKe and Pabllo Vittar),03 Jul 2018 17:48
Charli XCX,Focus / No Angel,No Angel,03 Jul 2018 17:45
Charli XCX,Focus / No Angel,Focus,03 Jul 2018 17:41
Lana Del Rey,Lust for Life,In My Feelings,03 Jul 2018 17:39
Lana Del Rey,Lust for Life,Groupie Love (feat. A$AP Rocky),03 Jul 2018 17:35
Lana Del Rey,Lust for Life,Summer Bummer (feat. A$AP Rocky & Playboi Carti),03 Jul 2018 17:30
Lana Del Rey,Lust for Life,White Mustang,03 Jul 2018 17:28
Lana Del Rey,Lust for Life,Cherry,03 Jul 2018 17:25
Lana Del Rey,Lust for Life,13 Beaches,03 Jul 2018 17:19
Lana Del Rey,Lust for Life,13 Beaches,01 Jul 2018 21:18
Marina & the Diamonds,The Family Jewels,Numb,01 Jul 2018 21:14
Lykke Li,so sad so sexy,so sad so sexy,01 Jul 2018 21:10
Lana Del Rey,Honeymoon,Music to Watch Boys To,01 Jul 2018 21:00
Lana Del Rey,Honeymoon,Honeymoon,01 Jul 2018 20:54
Lana Del Rey,Ultraviolence (Deluxe),Cruel World,01 Jul 2018 20:48
Lana Del Rey,Ultraviolence,The Other Woman,01 Jul 2018 20:45
Lana Del Rey,Ultraviolence,Old Money,01 Jul 2018 20:40
Lana Del Rey,Ultraviolence,Fucked My Way Up to the Top,01 Jul 2018 20:37
Lana Del Rey,Ultraviolence,Money Power Glory,01 Jul 2018 20:32
Lana Del Rey,Ultraviolence,Pretty When You Cry,01 Jul 2018 20:28
Lana Del Rey,Ultraviolence,Sad Girl,01 Jul 2018 20:23
Lana Del Rey,Ultraviolence,West Coast,01 Jul 2018 20:19
Lana Del Rey,Ultraviolence,Brooklyn Baby,01 Jul 2018 20:13
Lana Del Rey,Ultraviolence,Shades of Cool,01 Jul 2018 20:07
Lana Del Rey,Ultraviolence,Ultraviolence,01 Jul 2018 20:03
Lykke Li,so sad so sexy,jaguars in the air,30 Jun 2018 21:03
Zayn,Entertainer,Entertainer,30 Jun 2018 21:00
Marina & the Diamonds,FROOT,Blue,30 Jun 2018 20:55
Florence + the Machine,How Big How Blue How Beautiful (Deluxe),Delilah,30 Jun 2018 19:11
Florence + the Machine,How Big How Blue How Beautiful (Deluxe),Various Storms & Saints,30 Jun 2018 19:07
Florence + the Machine,How Big How Blue How Beautiful (Deluxe),Queen of Peace,30 Jun 2018 19:02
Florence + the Machine,How Big How Blue How Beautiful (Deluxe),How Big How Blue How Beautiful,30 Jun 2018 18:56
Florence + the Machine,How Big How Blue How Beautiful (Deluxe),What Kind of Man,30 Jun 2018 18:53
Florence + the Machine,How Big How Blue How Beautiful (Deluxe),Ship to Wreck,30 Jun 2018 18:49
Florence + the Machine,High as Hope,No Choir,30 Jun 2018 18:46
Florence + the Machine,High as Hope,The End of Love,30 Jun 2018 18:42
Florence + the Machine,High as Hope,100 Years,30 Jun 2018 18:37
Florence + the Machine,High as Hope,Patricia,30 Jun 2018 18:33
Florence + the Machine,High as Hope,Grace,30 Jun 2018 18:28
Florence + the Machine,High as Hope,Sky Full of Song,30 Jun 2018 18:24
Florence + the Machine,High as Hope,Big God,30 Jun 2018 18:20
Florence + the Machine,High as Hope,South London Forever,30 Jun 2018 18:10
Florence + the Machine,High as Hope,Hunger,30 Jun 2018 18:07
Florence + the Machine,High as Hope,June,30 Jun 2018 18:04
Lana Del Rey,Lust for Life,Get Free,30 Jun 2018 16:15
Lana Del Rey,Born to Die - The Paradise Edition,Bel Air,30 Jun 2018 16:10
Lana Del Rey,Born to Die - The Paradise Edition,Yayo,30 Jun 2018 16:05
Charli XCX,Number 1 Angel,Roll with Me,30 Jun 2018 10:59
Gym Class Heroes,The Papercut Chronicles II (Deluxe),Stereo Hearts (feat. Adam Levine),30 Jun 2018 10:57
Charli XCX,SUCKER,Break the Rules,30 Jun 2018 10:54
Charli XCX,True Romance,Take My Hand,30 Jun 2018 10:53
Iggy Azalea,The New Classic (Deluxe Version),Fancy,30 Jun 2018 10:50
Charli XCX,Pop 2,Track 10,30 Jun 2018 10:44
Ariana Grande,No Tears Left To Cry,no tears left to cry,30 Jun 2018 10:40
Years & Years,If You're Over Me,If You're Over Me,30 Jun 2018 10:37
Calvin Harris,One Kiss (with Dua Lipa),One Kiss (with Dua Lipa),30 Jun 2018 10:33
Terror Jr,Bop 3: The Girl Who Cried Purple,Holding Your Tongue,30 Jun 2018 09:40
Charli XCX,SUCKER,Break the Rules,30 Jun 2018 09:37
David Guetta,Dirty Sexy Money (feat. Charli XCX & French Montana),Dirty Sexy Money (feat. Charli XCX & French Montana),30 Jun 2018 09:36
Charli XCX,5 in the Morning,5 in the Morning,30 Jun 2018 09:33
Charli XCX,Boys,Boys,30 Jun 2018 09:31
Charli XCX,After the Afterparty (feat. Lil Yachty),After the Afterparty (feat. Lil Yachty),30 Jun 2018 09:27
Charli XCX,Pop 2,Out of My Head (feat. Tove Lo and ALMA),30 Jun 2018 09:23
Charli XCX,SUCKER,Boom Clap,30 Jun 2018 09:20
Carmit,How Far,How Far,30 Jun 2018 09:19
Charli XCX,Boys (Nevada Remix),Boys - Nevada Remix,30 Jun 2018 09:16
Rita Ora,Girls (feat. Cardi B Bebe Rexha & Charli XCX),Girls (feat. Cardi B Bebe Rexha & Charli XCX),30 Jun 2018 09:12
Charli XCX,Focus / No Angel,Focus,30 Jun 2018 09:09
Charli XCX,Focus / No Angel,No Angel,30 Jun 2018 09:06
Lana Del Rey,Lust for Life,Beautiful People Beautiful Problems (feat. Stevie Nicks),29 Jun 2018 17:05
Lana Del Rey,Lust for Life,Heroin,29 Jun 2018 16:57
Lana Del Rey,Born to Die - The Paradise Edition,Gods & Monsters,29 Jun 2018 16:53
Lana Del Rey,Born to Die - The Paradise Edition,Summertime Sadness,29 Jun 2018 16:51
Lana Del Rey,Honeymoon,The Blackest Day,29 Jun 2018 16:45
Lana Del Rey,Honeymoon,Freak,29 Jun 2018 16:40
Lana Del Rey,Honeymoon,Burnt Norton - Interlude,29 Jun 2018 16:39
Lana Del Rey,Honeymoon,Terrence Loves You,29 Jun 2018 16:34
Marina & the Diamonds,The Family Jewels,Are You Satisfied?,28 Jun 2018 21:21
Marina & the Diamonds,Electra Heart (Deluxe),Teen Idle,28 Jun 2018 08:31
Lana Del Rey,Born to Die - The Paradise Edition,Born to Die,28 Jun 2018 08:25
Marina & the Diamonds,The Family Jewels,I Am Not a Robot,28 Jun 2018 08:20
Lana Del Rey,Ultraviolence (Deluxe),Florida Kilos,28 Jun 2018 08:16
Lana Del Rey,Honeymoon,Art Deco,28 Jun 2018 08:11
Lana Del Rey,Lust for Life,Cherry,28 Jun 2018 08:08
Lana Del Rey,Lust for Life,White Mustang,28 Jun 2018 08:05
Lana Del Rey,Born to Die - The Paradise Edition,Cola,28 Jun 2018 08:01
Lana Del Rey,Lust for Life,Summer Bummer (feat. A$AP Rocky & Playboi Carti),28 Jun 2018 07:56
Lana Del Rey,Ultraviolence (Deluxe),West Coast,28 Jun 2018 07:56
Lana Del Rey,Ultraviolence (Deluxe),West Coast,27 Jun 2018 19:57
Marina & the Diamonds,The Family Jewels,Hermit the Frog,27 Jun 2018 19:55
GIRLI,Hot Mess - EP,Mr 10pm Bedtime,27 Jun 2018 07:12
Ariana Grande,Dangerous Woman,Greedy,27 Jun 2018 07:09
Zayn,Entertainer,Entertainer,27 Jun 2018 07:05
Marina & the Diamonds,FROOT,Blue,27 Jun 2018 07:01
Marina & the Diamonds,FROOT,Happy,26 Jun 2018 19:26
Marina & the Diamonds,FROOT,Can't Pin Me Down,26 Jun 2018 19:23
BØRNS,Spotify Sessions,It's My Party - Live From SXSW 2015,26 Jun 2018 19:22
Charli XCX,Vroom Vroom EP,Vroom Vroom,26 Jun 2018 19:00
Lady Gaga,ARTPOP,Venus,26 Jun 2018 18:55
Charli XCX,Number 1 Angel,Babygirl (feat. Uffie),26 Jun 2018 18:52
Azealia Banks,Anna Wintour,Anna Wintour,26 Jun 2018 18:47
Charli XCX,Number 1 Angel,Roll with Me,26 Jun 2018 18:44
Sophie,OIL OF EVERY PEARL'S UN-INSIDES,Immaterial,26 Jun 2018 18:40
Charli XCX,Pop 2,Femmebot (feat. Dorian Electra and Mykki Blanco),26 Jun 2018 18:36
LIZ,When I Rule The World,When I Rule the World,26 Jun 2018 18:24
Tove Lo,BLUE LIPS (lady wood phase II),disco tits,26 Jun 2018 18:21
Sophie,OIL OF EVERY PEARL'S UN-INSIDES,Immaterial,26 Jun 2018 18:14
Charli XCX,Number 1 Angel,Roll with Me,26 Jun 2018 18:11
Lana Del Rey,Born to Die - The Paradise Edition,National Anthem,26 Jun 2018 17:06
Marina & the Diamonds,The Family Jewels,Hermit the Frog,26 Jun 2018 17:03
Panic! at the Disco,Pray for the Wicked,Hey Look Ma I Made It,26 Jun 2018 11:55
Panic! at the Disco,Pray for the Wicked,Dancing's Not a Crime,26 Jun 2018 11:51
BØRNS,Dopamine,American Money,26 Jun 2018 09:53
BØRNS,Blue Madonna,God Save Our Young Blood (with Lana Del Rey),26 Jun 2018 09:52
Chase Atlantic,Dalliance,Hold Your Breath,25 Jun 2018 20:13
Sky Ferreira,Night Time My Time,24 Hours,25 Jun 2018 20:09
The Neighbourhood,Hard - EP,24/7,25 Jun 2018 20:05
Florence + the Machine,Hunger,Hunger,25 Jun 2018 20:01
Lana Del Rey,Born to Die - The Paradise Edition,Lolita,25 Jun 2018 19:58
BØRNS,Blue Madonna,God Save Our Young Blood (with Lana Del Rey),25 Jun 2018 10:28
BØRNS,Dopamine,Clouds,25 Jun 2018 10:24
BØRNS,Dopamine,10000 Emerald Pools,25 Jun 2018 10:21
BØRNS,Dopamine,10000 Emerald Pools,25 Jun 2018 10:20
BØRNS,Sunday Morning,Sunday Morning,25 Jun 2018 10:17
BØRNS,Blue Madonna,Faded Heart,25 Jun 2018 10:13
BØRNS,Dopamine,Electric Love,25 Jun 2018 10:09
BØRNS,Blue Madonna,I Don't Want U Back,25 Jun 2018 10:06
BØRNS,It's You,It's You,25 Jun 2018 10:02
BØRNS,Dopamine,Past Lives,25 Jun 2018 09:57
BØRNS,Dopamine,Holy Ghost,25 Jun 2018 09:53
Ariana Grande,Dangerous Woman,Let Me Love You,25 Jun 2018 09:48
Ariana Grande,Put Your Hearts Up,Put Your Hearts Up,25 Jun 2018 09:44
Ariana Grande,My Everything (Deluxe),Problem,25 Jun 2018 09:41
Ariana Grande,Jason's Song (Gave It Away),Jason's Song (Gave It Away),25 Jun 2018 09:36
Ariana Grande,Dangerous Woman,Side to Side,25 Jun 2018 09:33
Ariana Grande,Dangerous Woman,Into You,25 Jun 2018 09:28
Ariana Grande,My Everything (Deluxe),One Last Time,25 Jun 2018 09:25
Ariana Grande,Yours Truly,Almost Is Never Enough (feat. Nathan Sykes),25 Jun 2018 09:20
Lykke Li,Wounded Rhymes,Sadness Is a Blessing,25 Jun 2018 09:19
Lykke Li,so sad so sexy,deep end,25 Jun 2018 09:16
Lana Del Rey,Music From Baz Luhrmann's Film The Great Gatsby (International Streaming Version),Young and Beautiful,24 Jun 2018 22:02
The Weeknd,Beauty Behind the Madness,Prisoner,24 Jun 2018 21:58
Lana Del Rey,Honeymoon,Salvatore,24 Jun 2018 21:53
Lana Del Rey,Honeymoon,Art Deco,24 Jun 2018 21:48
Lana Del Rey,Ultraviolence (Deluxe),Old Money,24 Jun 2018 21:43
Lykke Li,so sad so sexy,last piece,24 Jun 2018 15:00
Lykke Li,I Follow Rivers (The Magician Remix),I Follow Rivers - The Magician Remix,24 Jun 2018 14:56
Lykke Li,so sad so sexy,hard rain,24 Jun 2018 14:52
Lykke Li,Wounded Rhymes,I Follow Rivers,24 Jun 2018 14:48
Lykke Li,so sad so sexy,so sad so sexy,24 Jun 2018 14:45
Lykke Li,so sad so sexy,deep end,24 Jun 2018 14:42
Lykke Li,so sad so sexy,better alone,24 Jun 2018 14:41
Vérité,Somebody Else,Somebody Else,22 Jun 2018 20:46
Charli XCX,5 in the Morning,5 in the Morning,22 Jun 2018 20:43
Dua Lipa,Dua Lipa (Deluxe),Last Dance,22 Jun 2018 20:40
Nicki Minaj,The Pinkprint (Deluxe Edition),I Lied,22 Jun 2018 20:26
Lana Del Rey,Lust for Life,White Mustang,22 Jun 2018 20:20
Marina & the Diamonds,The Family Jewels,I Am Not a Robot,22 Jun 2018 20:16
Lorde,Melodrama,Writer in the Dark,22 Jun 2018 20:14
Lana Del Rey,Born to Die - The Paradise Edition,Ride,22 Jun 2018 20:09
Lana Del Rey,Lust for Life,13 Beaches,22 Jun 2018 20:07
Ariana Grande,Somewhere Over The Rainbow (Live From Manchester),Somewhere Over The Rainbow - Live From Manchester,22 Jun 2018 20:01
Ariana Grande,No Tears Left To Cry,no tears left to cry,22 Jun 2018 19:57
Ariana Grande,The Light Is Coming,the light is coming (feat. Nicki Minaj),22 Jun 2018 19:53
Nicki Minaj,BED (feat. Ariana Grande),Bed (feat. Ariana Grande),22 Jun 2018 19:50
Demi Lovato,Sober,Sober,22 Jun 2018 19:47
Jessie J,Who You Are (Platinum Edition),Domino,21 Jun 2018 20:57
Black Eyed Peas,THE E.N.D. (THE ENERGY NEVER DIES) [International Deluxe Version],I Gotta Feeling,21 Jun 2018 20:40
Shawn Mendes,Handwritten (Deluxe),Stitches,21 Jun 2018 20:33
Marina & the Diamonds,Electra Heart (Deluxe),Bubblegum Bitch,21 Jun 2018 20:29
Marina & the Diamonds,Electra Heart (Deluxe),Bubblegum Bitch,21 Jun 2018 20:25
Lykke Li,so sad so sexy,so sad so sexy,21 Jun 2018 20:19
Lykke Li,so sad so sexy,sex money feelings die,21 Jun 2018 20:12
Lykke Li,so sad so sexy,so sad so sexy,21 Jun 2018 20:04
Marina & the Diamonds,The Family Jewels,Oh No!,21 Jun 2018 20:02
Marina & the Diamonds,The Family Jewels,Hermit the Frog,21 Jun 2018 19:58
Zayn,Entertainer,Entertainer,21 Jun 2018 19:48
Demi Lovato,Confident (Deluxe Edition),Stone Cold,21 Jun 2018 19:45
Ariana Grande,Dangerous Woman,Greedy,21 Jun 2018 19:41
Ariana Grande,The Light Is Coming,the light is coming (feat. Nicki Minaj),21 Jun 2018 19:37
Ariana Grande,No Tears Left To Cry,no tears left to cry,20 Jun 2018 12:13
Ariana Grande,The Light Is Coming,the light is coming (feat. Nicki Minaj),20 Jun 2018 12:09
Lorde,Pure Heroine (Extended),Tennis Court,18 Jun 2018 20:09
Marina & the Diamonds,Electra Heart (Deluxe),Lies,18 Jun 2018 18:57
Nicki Minaj,Black Barbies,Black Barbies,18 Jun 2018 18:20
Nicki Minaj,BED (feat. Ariana Grande),Bed (feat. Ariana Grande),18 Jun 2018 18:16
Florence + the Machine,Lungs (International Version),Dog Days Are Over,18 Jun 2018 16:05
Florence + the Machine,Hunger,Hunger,18 Jun 2018 16:01
Lykke Li,so sad so sexy,jaguars in the air,17 Jun 2018 14:02
Ariana Grande,Yours Truly,Honeymoon Avenue,16 Jun 2018 11:55
Ariana Grande,My Everything (Deluxe),You Don't Know Me,16 Jun 2018 11:52
Ariana Grande,My Everything (Deluxe),Only 1,16 Jun 2018 11:48
Jessie J,Sweet Talker (Deluxe Version),Bang Bang,16 Jun 2018 11:45
Ariana Grande,My Everything (Deluxe),My Everything,16 Jun 2018 11:42
Ariana Grande,My Everything (Deluxe),Hands on Me,16 Jun 2018 11:39
Ariana Grande,My Everything (Deluxe),Just a Little Bit of Your Heart,16 Jun 2018 11:35
Ariana Grande,My Everything (Deluxe),Love Me Harder,16 Jun 2018 11:31
Ariana Grande,My Everything (Deluxe),Break Your Heart Right Back,16 Jun 2018 11:27
Ariana Grande,My Everything (Deluxe),Be My Baby,16 Jun 2018 11:23
Ariana Grande,My Everything (Deluxe),Best Mistake,16 Jun 2018 11:19
Ariana Grande,My Everything (Deluxe),Break Free,16 Jun 2018 11:16
Ariana Grande,My Everything (Deluxe),Why Try,16 Jun 2018 11:12
Lana Del Rey,Born to Die - The Paradise Edition,National Anthem,16 Jun 2018 11:11
BØRNS,God Save Our Young Blood (with Lana Del Rey),God Save Our Young Blood (with Lana Del Rey),16 Jun 2018 11:07
Lana Del Rey,Honeymoon,24,16 Jun 2018 11:01
Lykke Li,so sad so sexy,sex money feelings die,16 Jun 2018 09:31
Lana Del Rey,Born to Die - The Paradise Edition,Off to the Races,16 Jun 2018 09:26
Lana Del Rey,Paradise,Yayo,14 Jun 2018 09:06
Lana Del Rey,Paradise,Blue Velvet,14 Jun 2018 09:05
Lana Del Rey,Paradise,Gods & Monsters,14 Jun 2018 09:03
Lana Del Rey,Paradise,Cola,14 Jun 2018 09:00
Lana Del Rey,Born to Die - The Paradise Edition,Million Dollar Man,14 Jun 2018 08:55
Lana Del Rey,Ultraviolence (Deluxe),Money Power Glory,14 Jun 2018 08:51
Lorde,Melodrama,The Louvre,14 Jun 2018 08:44
Lorde,Melodrama,Homemade Dynamite,14 Jun 2018 08:41
Lorde,Melodrama,Sober,14 Jun 2018 08:38
Lorde,Melodrama,Green Light,14 Jun 2018 08:34
Lorde,Pure Heroine (Extended),Swingin Party,14 Jun 2018 08:30
Lorde,Pure Heroine (Extended),Biting Down,14 Jun 2018 08:26
Lorde,Pure Heroine (Extended),The Love Club,14 Jun 2018 08:23
Lorde,Pure Heroine (Extended),Million Dollar Bills,14 Jun 2018 08:21
Lorde,Pure Heroine (Extended),Bravado,14 Jun 2018 08:17
Lorde,Pure Heroine (Extended),A World Alone,14 Jun 2018 08:12
Lorde,Pure Heroine (Extended),White Teeth Teens,14 Jun 2018 08:08
Lorde,Pure Heroine (Extended),Still Sane,14 Jun 2018 08:05
Lorde,Pure Heroine (Extended),Glory and Gore,14 Jun 2018 08:02
Lorde,Pure Heroine (Extended),Team,14 Jun 2018 07:59
Lorde,Pure Heroine (Extended),Buzzcut Season,14 Jun 2018 07:54
Lorde,Pure Heroine (Extended),Ribs,14 Jun 2018 07:50
Lorde,Pure Heroine (Extended),Royals,14 Jun 2018 07:47
Lorde,Pure Heroine (Extended),400 Lux,14 Jun 2018 07:43
Lorde,Pure Heroine (Extended),Tennis Court,14 Jun 2018 07:40
Lana Del Rey,Born to Die - The Paradise Edition,National Anthem,14 Jun 2018 07:33
Marina & the Diamonds,The Family Jewels,Are You Satisfied?,14 Jun 2018 07:30
Marina & the Diamonds,Electra Heart (Deluxe),Hypocrates,14 Jun 2018 07:28
Lana Del Rey,Born to Die - The Paradise Edition,Ride,13 Jun 2018 18:38
Lana Del Rey,Born to Die - The Paradise Edition,Lucky Ones,13 Jun 2018 18:34
Lana Del Rey,Born to Die - The Paradise Edition,Lolita,13 Jun 2018 18:31
Jemima,Work In Progress,The Illusion,13 May 2018 16:37
Charli XCX,Spotify Sessions,Famous,13 May 2018 16:32
Rita Ora,Girls (feat. Cardi B Bebe Rexha & Charli XCX),Girls (feat. Cardi B Bebe Rexha & Charli XCX),13 May 2018 16:28
Pia Mia,Do It Again,Do It Again,13 May 2018 16:25
Panic! at the Disco,Suicide Squad: The Album,Bohemian Rhapsody,13 May 2018 16:18
Carly Rae Jepsen,Kiss,Call Me Maybe,13 May 2018 16:04
Black Eyed Peas,Monkey Business,My Humps,13 May 2018 15:57
Kali Uchis,Isolation,Dead to Me,13 May 2018 15:47
Kali Uchis,Isolation,Dead to Me,13 May 2018 15:39
Kali Uchis,Isolation,Tyrant (feat. Jorja Smith),13 May 2018 15:36
Kali Uchis,Isolation,Your Teeth in My Neck,13 May 2018 15:33
Kali Uchis,Isolation,Flight 22,13 May 2018 15:29
Kali Uchis,Isolation,Just a Stranger (feat. Steve Lacy),13 May 2018 15:26
Kali Uchis,Isolation,Miami (feat. BIA),13 May 2018 15:22
Kali Uchis,Isolation,Body Language - Intro,13 May 2018 15:20
Indila,Mini World,Dernière danse,13 May 2018 15:15
Grace,FMA,You Don't Own Me,13 May 2018 15:12
Grace,Boyfriend Jeans,Boyfriend Jeans,13 May 2018 15:08
Lady Gaga,ARTPOP,Venus,13 May 2018 13:08
Azealia Banks,Anna Wintour,Anna Wintour,13 May 2018 12:11
Madison Beer,Dead,Dead,13 May 2018 12:07
Kali Uchis,Isolation,Dead to Me,13 May 2018 12:03
Ariana Grande,No Tears Left To Cry,no tears left to cry,13 May 2018 08:38
Billie Eilish,lovely (with Khalid),lovely (with Khalid),13 May 2018 08:19
Kali Uchis,Isolation,Dead to Me,13 May 2018 08:15
Billie Eilish,lovely (with Khalid),lovely (with Khalid),12 May 2018 18:52
Migos,Culture II,MotorSport,12 May 2018 18:37
Grimes,Art Angels,SCREAM,12 May 2018 18:07
Jessie J,Sweet Talker (Deluxe Version),Bang Bang,12 May 2018 17:31
Migos,Culture II,MotorSport,12 May 2018 17:26
Nicki Minaj,Barbie Tingz,Barbie Tingz,12 May 2018 17:23
Jason Derulo,Swalla (feat. Nicki Minaj & Ty Dolla $ign),Swalla (feat. Nicki Minaj & Ty Dolla $ign),12 May 2018 17:19
cupcakKe,Ephorize,Crayons,12 May 2018 17:15
cupcakKe,Ephorize,Cartoons,12 May 2018 17:12
cupcakKe,Ephorize,2 Minutes,12 May 2018 17:08
Charli XCX,Pop 2,I Got It (feat. Brooke Candy CupcakKe and Pabllo Vittar),12 May 2018 17:04
Nicki Minaj,Barbie Tingz,Barbie Tingz,12 May 2018 17:01
Azealia Banks,Anna Wintour,Anna Wintour,12 May 2018 16:57
Azealia Banks,Anna Wintour,Anna Wintour,12 May 2018 16:51
Lorde,Pure Heroine,Tennis Court,12 May 2018 16:47
Lorde,Melodrama,Homemade Dynamite - Remix,12 May 2018 16:44
Lorde,Melodrama,Perfect Places,12 May 2018 16:40
Lorde,Melodrama,Liability (Reprise),12 May 2018 16:38
Lorde,Melodrama,Supercut,12 May 2018 16:33
Lorde,Melodrama,Writer in the Dark,12 May 2018 16:30
Lorde,Melodrama,Sober II (Melodrama),12 May 2018 16:27
Lorde,Melodrama,Hard Feelings/Loveless,12 May 2018 16:20
Lorde,Melodrama,Liability,12 May 2018 16:18
Lorde,Melodrama,The Louvre,12 May 2018 16:13
Lorde,Melodrama,Homemade Dynamite,12 May 2018 16:10
Lorde,Melodrama,Sober,12 May 2018 16:07
Lorde,Melodrama,Green Light,12 May 2018 16:03
Lorde,Pure Heroine (Extended),Royals,12 May 2018 15:59
Lorde,Pure Heroine (Extended),400 Lux,12 May 2018 15:55
Lorde,Pure Heroine (Extended),Tennis Court,12 May 2018 15:52
Lorde,Pure Heroine,A World Alone,12 May 2018 15:47
Lorde,Pure Heroine,White Teeth Teens,12 May 2018 15:44
Lorde,Pure Heroine,Still Sane,12 May 2018 15:40
Lorde,Pure Heroine,Glory and Gore,12 May 2018 15:37
Lorde,Pure Heroine,Team,12 May 2018 15:34
Lorde,Pure Heroine,Buzzcut Season,12 May 2018 15:29
Lorde,Pure Heroine,Ribs,12 May 2018 15:25
Lana Del Rey,Lust for Life,Cherry,12 May 2018 15:21
Lady Gaga,The Fame (Revised International Version),Brown Eyes,12 May 2018 14:53
Lady Gaga,ARTPOP,Sexxx Dreams,12 May 2018 14:43
Lady Gaga,ARTPOP,G.U.Y.,12 May 2018 14:39
Lady Gaga,ARTPOP,Venus,12 May 2018 14:35
Lady Gaga,ARTPOP,Aura,12 May 2018 14:31
Lady Gaga,Joanne (Deluxe),Angel Down,12 May 2018 14:27
Lady Gaga,Joanne (Deluxe),Hey Girl,12 May 2018 14:22
Lady Gaga,Joanne (Deluxe),Come to Mama,12 May 2018 14:18
Lady Gaga,Joanne (Deluxe),Sinner's Prayer,12 May 2018 14:14
Lady Gaga,Joanne (Deluxe),Million Reasons,12 May 2018 14:11
Lady Gaga,Joanne (Deluxe),Perfect Illusion,12 May 2018 14:08
Lady Gaga,Joanne (Deluxe),Dancin' in Circles,12 May 2018 14:05
Lady Gaga,Joanne (Deluxe),John Wayne,12 May 2018 14:02
Lady Gaga,Joanne (Deluxe),Joanne,12 May 2018 13:58
Lady Gaga,Joanne (Deluxe),A-YO,12 May 2018 13:41
Lady Gaga,Joanne (Deluxe),Diamond Heart,12 May 2018 13:37
Daughter,His Young Heart EP,Landfill,12 May 2018 13:33
Charli XCX,Vroom Vroom EP,Vroom Vroom,12 May 2018 13:30
Charli XCX,Pop 2,Femmebot (feat. Dorian Electra and Mykki Blanco),12 May 2018 13:26
Kali Uchis,Isolation,Dead to Me,12 May 2018 13:23
Charli XCX,After the Afterparty (feat. Lil Yachty),After the Afterparty (feat. Lil Yachty),12 May 2018 13:19
BØRNS,Dopamine,10000 Emerald Pools,12 May 2018 13:16
BØRNS,Dopamine,Holy Ghost,12 May 2018 13:12
Kali Uchis,Isolation,Nuestro Planeta (feat. Reykon),12 May 2018 13:00
Kali Uchis,Isolation,Nuestro Planeta (feat. Reykon),11 May 2018 18:09
Jessie J,Who You Are (Deluxe Edition),Mamma Knows Best,11 May 2018 18:06
Pia Mia,Do It Again,Do It Again,11 May 2018 17:59
Bebe Rexha,No Broken Hearts (feat. Nicki Minaj),No Broken Hearts (feat. Nicki Minaj),11 May 2018 17:55
Rita Ora,Girls (feat. Cardi B Bebe Rexha & Charli XCX),Girls (feat. Cardi B Bebe Rexha & Charli XCX),11 May 2018 17:49
Marina & the Diamonds,Electra Heart (Deluxe),Bubblegum Bitch,09 May 2018 17:28
Marina & the Diamonds,FROOT,Happy,09 May 2018 17:24
Marina & the Diamonds,The Family Jewels,Guilty,09 May 2018 17:20
Marina & the Diamonds,The Family Jewels,Numb,09 May 2018 17:15
Marina & the Diamonds,The Family Jewels,The Outsider,09 May 2018 16:43
Marina & the Diamonds,The Family Jewels,I Am Not a Robot,09 May 2018 16:39
Marina & the Diamonds,The Family Jewels,Shampain,09 May 2018 16:35
Marina & the Diamonds,The Family Jewels,Girls,09 May 2018 16:32
Charli XCX,Spotify Sessions,Famous,09 May 2018 14:14
Charli XCX,Spotify Sessions,Break the Rules,09 May 2018 14:10
Charli XCX,Vroom Vroom EP,Secret (Shh),09 May 2018 14:07
Charli XCX,Vroom Vroom EP,Trophy,09 May 2018 14:04
Azealia Banks,Anna Wintour,Anna Wintour,09 May 2018 14:00
Panic! at the Disco,A Fever You Can't Sweat Out,I Write Sins Not Tragedies,07 May 2018 15:16
Panic! at the Disco,Death of a Bachelor,Emperor's New Clothes,07 May 2018 15:14
Panic! at the Disco,Too Weird to Live Too Rare to Die!,This Is Gospel,07 May 2018 15:11
Panic! at the Disco,Death of a Bachelor,Death of a Bachelor,07 May 2018 15:07
Panic! at the Disco,Say Amen for Silver Linings,Say Amen (Saturday Night),07 May 2018 15:04
Walk the Moon,Walk the Moon,Anna Sun,07 May 2018 15:00
Azealia Banks,Anna Wintour,Anna Wintour,07 May 2018 14:55
Nicki Minaj,Barbie Tingz,Barbie Tingz,07 May 2018 14:40
Charli XCX,Pop 2,I Got It (feat. Brooke Candy CupcakKe and Pabllo Vittar),06 May 2018 17:50
Charli XCX,Pop 2,Tears (feat. Caroline Polachek),06 May 2018 17:46
Charli XCX,Pop 2,Lucky,06 May 2018 17:43
Charli XCX,Pop 2,I Got It (feat. Brooke Candy CupcakKe and Pabllo Vittar),06 May 2018 17:39
Azealia Banks,Anna Wintour,Anna Wintour,06 May 2018 17:33
Charli XCX,Vroom Vroom EP,Secret (Shh),06 May 2018 17:30
Charli XCX,Vroom Vroom EP,Vroom Vroom,06 May 2018 17:24
Charli XCX,Vroom Vroom EP,Trophy,06 May 2018 17:22
Troye Sivan,Blue Neighbourhood (Deluxe),BLUE,06 May 2018 17:13
Grace,FMA,You Don't Own Me,06 May 2018 17:07
Indila,Mini World,Dernière danse,06 May 2018 17:01
Blanche,City Lights,City Lights,06 May 2018 16:57
Famous Dex,Dex Meets Dexter,Pick It Up (Feat. A$AP Rocky),06 May 2018 16:51
XXXTentacion,?,changes,06 May 2018 16:49
Ariana Grande,Dangerous Woman,Side to Side,06 May 2018 16:38
Ariana Grande,No Tears Left To Cry,no tears left to cry,06 May 2018 16:34
Rex Orange County,Apricot Princess,Television / So Far So Good,06 May 2018 16:31
Cavetown,Lemon Boy,Lemon Boy,06 May 2018 16:27
Catfish and the Bottlemen,The Ride,7,06 May 2018 16:23
Hunny,Pain / Ache / Loving,La Belle Femme,06 May 2018 16:19
Kid Bloom,A Different State of Mind,I Kissed A Girl And She Kissed Me,06 May 2018 16:17
Declan McKenna,What Do You Think About the Car?,Listen to Your Friends,06 May 2018 16:13
Declan McKenna,Brazil,Basic,06 May 2018 16:09
Declan McKenna,Brazil,Brazil,06 May 2018 16:05
Marina & the Diamonds,The Family Jewels,Numb,06 May 2018 15:11
Allie X,CollXtion II,Simon Says,06 May 2018 14:47
Billie Eilish,Six Feet Under,Six Feet Under,05 May 2018 19:07
David Bowie,Low (2017 Remastered Version),Art Decade - 2017 Remastered Version,05 May 2018 19:03
Lana Del Rey,Paradise,Body Electric,05 May 2018 18:58
Lana Del Rey,Paradise,Cola,05 May 2018 18:54
Lana Del Rey,Paradise,American,05 May 2018 18:49
Lana Del Rey,Born to Die - The Paradise Edition,Off to the Races,05 May 2018 18:44
Lana Del Rey,Born to Die - The Paradise Edition,Born to Die,05 May 2018 18:39
Lana Del Rey,Paradise,Bel Air,05 May 2018 18:36
Lana Del Rey,Paradise,Yayo,05 May 2018 18:30
Lana Del Rey,Born to Die - The Paradise Edition,Ride,05 May 2018 18:25
Lana Del Rey,Ultraviolence (Deluxe),Old Money,05 May 2018 18:20
David Bowie,A New Career In A New Town (1977 - 1982),Warszawa - 2017 Remastered Version,05 May 2018 18:09
David Bowie,A New Career In A New Town (1977 - 1982),A New Career in a New Town - 2017 Remastered Version,05 May 2018 18:06
David Bowie,A New Career In A New Town (1977 - 1982),Be My Wife - 2017 Remastered Version,05 May 2018 18:03
David Bowie,A New Career In A New Town (1977 - 1982),Always Crashing in the Same Car - 2017 Remastered Version,05 May 2018 18:00
David Bowie,A New Career In A New Town (1977 - 1982),Sound and Vision - 2017 Remastered Version,05 May 2018 17:57
David Bowie,A New Career In A New Town (1977 - 1982),What in the World - 2017 Remastered Version,05 May 2018 17:54
David Bowie,A New Career In A New Town (1977 - 1982),Breaking Glass - 2017 Remastered Version,05 May 2018 17:52
David Bowie,A New Career In A New Town (1977 - 1982),Speed of Life - 2017 Remastered Version,05 May 2018 17:50
David Bowie,Low (2017 Remastered Version),Art Decade - 2017 Remastered Version,05 May 2018 17:45
Marina & the Diamonds,Electra Heart (Deluxe),Lies,05 May 2018 17:20
Marina & the Diamonds,Electra Heart (Deluxe),Primadonna,05 May 2018 17:17
Marina & the Diamonds,Electra Heart (Deluxe),Bubblegum Bitch,05 May 2018 17:14
Charli XCX,Vroom Vroom EP,Paradise (feat. Hannah Diamond),05 May 2018 17:11
Miike Snow,III,For U (Feat. Charli XCX),05 May 2018 17:07
Billie Eilish,dont smile at me,ocean eyes,05 May 2018 16:04
Lana Del Rey,Lust for Life,Lust for Life (with The Weeknd),05 May 2018 15:59
Mc Fioti,Joga o Bum Bum Tam Tam,Joga o Bum Bum Tam Tam,04 May 2018 19:07
Marina & the Diamonds,Forget,Forget,04 May 2018 19:03
Clean Bandit,Disconnect,Disconnect,04 May 2018 18:59
Marina & the Diamonds,The Family Jewels,Guilty,04 May 2018 18:55
Marina & the Diamonds,The Family Jewels,Girls,04 May 2018 18:53
Lana Del Rey,Lust for Life,Groupie Love (feat. A$AP Rocky),04 May 2018 18:48
Lana Del Rey,Paradise,Bel Air,04 May 2018 18:44
Lana Del Rey,Paradise,Yayo,04 May 2018 18:38
Lana Del Rey,Paradise,Blue Velvet,04 May 2018 18:36
Marina & the Diamonds,The Family Jewels,I Am Not a Robot,04 May 2018 18:28
Lorde,Pure Heroine,Team,04 May 2018 17:01
Dua Lipa,Dua Lipa (Deluxe),New Love,04 May 2018 16:57
Charli XCX,Number 1 Angel,ILY2,04 May 2018 16:53
Panic! at the Disco,Death of a Bachelor,Death of a Bachelor,04 May 2018 16:50
Billie Eilish,bitches broken hearts,bitches broken hearts,04 May 2018 16:46
Billie Eilish,lovely (with Khalid),lovely (with Khalid),04 May 2018 16:42
Lana Del Rey,Lust for Life,Groupie Love (feat. A$AP Rocky),04 May 2018 16:37
Lana Del Rey,Lust for Life,Summer Bummer (feat. A$AP Rocky & Playboi Carti),04 May 2018 16:10
Lana Del Rey,Summer Bummer (Snakehips Remix),Summer Bummer - Snakehips Remix,04 May 2018 16:07
Lana Del Rey,Lust for Life,Summer Bummer (feat. A$AP Rocky & Playboi Carti),04 May 2018 16:03
Lana Del Rey,Born to Die - The Paradise Edition,Lolita,04 May 2018 13:51
Lana Del Rey,Paradise,Yayo,04 May 2018 13:45
Lana Del Rey,Paradise,Blue Velvet,04 May 2018 13:43
Lana Del Rey,Born to Die - The Paradise Edition,Lolita,04 May 2018 13:38
Lorde,Pure Heroine (Extended),Ribs,04 May 2018 13:34
Melanie Martinez,Gingerbread Man,Gingerbread Man,03 May 2018 20:38
Willow,Ardipithecus,Wait a Minute!,03 May 2018 20:35
Marina & the Diamonds,FROOT,Better Than That,03 May 2018 20:30
Troye Sivan,The Good Side,The Good Side,03 May 2018 20:26
Hayley Kiyoko,Expectations,Sleepover,03 May 2018 20:22
Lana Del Rey,Lust for Life,13 Beaches,03 May 2018 20:17
Marina & the Diamonds,Indie Anthems,Obsessions,03 May 2018 20:13
Lana Del Rey,Born to Die,Off to the Races,02 May 2018 19:44
Lana Del Rey,Born to Die,Born to Die,02 May 2018 19:39
Lana Del Rey,Paradise,Cola,02 May 2018 19:34
Lana Del Rey,Paradise,American,02 May 2018 19:30
Lana Del Rey,Born to Die - The Paradise Edition,Body Electric,02 May 2018 19:24
Lana Del Rey,Paradise,Gods & Monsters,02 May 2018 19:19
Lana Del Rey,Paradise,Blue Velvet,02 May 2018 19:17
Lana Del Rey,Ultraviolence (Deluxe),West Coast,02 May 2018 19:11
Lana Del Rey,Lust for Life,Beautiful People Beautiful Problems (feat. Stevie Nicks),02 May 2018 19:08
Lana Del Rey,Lust for Life,When the World Was at War We Kept Dancing,02 May 2018 19:04
David Bowie,Low (2017 Remastered Version),Art Decade - 2017 Remastered Version,02 May 2018 16:26
Lana Del Rey,Honeymoon,Art Deco,02 May 2018 16:21
Marina & the Diamonds,The Family Jewels,Guilty,02 May 2018 16:17
Marina & the Diamonds,The Family Jewels,Numb,02 May 2018 16:15
Blanche,City Lights,City Lights,02 May 2018 16:10
Lana Del Rey,Lust for Life,Lust for Life (with The Weeknd),02 May 2018 16:04
Lana Del Rey,Lust for Life,Love,02 May 2018 15:59
Billie Eilish,lovely (with Khalid),lovely (with Khalid),02 May 2018 15:54
Post Malone,beerbongs & bentleys,Ball for Me,01 May 2018 15:30
Tyler the Creator,Cherry Bomb,FIND YOUR WINGS,30 Apr 2018 19:55
HAIM,Something to Tell You,You Never Knew,28 Apr 2018 15:48
HAIM,Something to Tell You,Something to Tell You,28 Apr 2018 15:43
HAIM,Something to Tell You,Ready for You,28 Apr 2018 15:40
HAIM,Something to Tell You,Little of Your Love,28 Apr 2018 15:36
HAIM,Something to Tell You,Nothing's Wrong,28 Apr 2018 15:33
HAIM,Something to Tell You,Want You Back,28 Apr 2018 15:29
HAIM,Walking Away (Mura Masa Remix),Walking Away - Mura Masa Remix,28 Apr 2018 15:24
HAIM,Something to Tell You,You Never Knew,28 Apr 2018 15:20
HAIM,Something to Tell You,Nothing's Wrong,28 Apr 2018 15:17
HAIM,Days Are Gone (Deluxe Edition),Forever,28 Apr 2018 15:12
HAIM,That Don’t Impress Me Much (triple j Like A Version),That Don’t Impress Me Much - triple j Like A Version,28 Apr 2018 15:08
HAIM,Days Are Gone (Deluxe Edition),Falling,28 Apr 2018 15:04
HAIM,Something to Tell You,Little of Your Love,28 Apr 2018 15:00
HAIM,Little Of Your Love (BloodPop® Remix),Little Of Your Love - BloodPop® Remix,28 Apr 2018 14:57
HAIM,Days Are Gone (Deluxe Edition),The Wire,28 Apr 2018 14:53
HAIM,Something to Tell You,Want You Back,28 Apr 2018 14:49
Kali Uchis,Por Vida,Know What I Want,28 Apr 2018 13:56
Kali Uchis,Por Vida,Lottery,28 Apr 2018 13:52
Kali Uchis,Por Vida,Melting,28 Apr 2018 13:49
Kali Uchis,Por Vida,Call Me,28 Apr 2018 13:46
Kali Uchis,Por Vida,Sycamore Tree,28 Apr 2018 13:44
Kali Uchis,Isolation,Killer,28 Apr 2018 13:41
Kali Uchis,Isolation,Feel Like a Fool,28 Apr 2018 13:38
Kali Uchis,Isolation,After the Storm (feat. Tyler the Creator & Bootsy Collins),28 Apr 2018 13:34
Kali Uchis,Isolation,Coming Home - Interlude,28 Apr 2018 13:32
Kali Uchis,Isolation,Tomorrow,28 Apr 2018 13:29
Kali Uchis,Isolation,Gotta Get Up - Interlude,28 Apr 2018 13:27
Kali Uchis,Isolation,In My Dreams,28 Apr 2018 13:23
Kali Uchis,Isolation,Nuestro Planeta (feat. Reykon),28 Apr 2018 13:20
Kali Uchis,Isolation,Dead to Me,28 Apr 2018 13:17
Kali Uchis,Isolation,Tyrant (feat. Jorja Smith),28 Apr 2018 13:13
Kali Uchis,Isolation,Your Teeth in My Neck,28 Apr 2018 13:10
Kali Uchis,Isolation,Flight 22,28 Apr 2018 13:06
Kali Uchis,Isolation,Just a Stranger (feat. Steve Lacy),28 Apr 2018 13:04
Kali Uchis,Isolation,Miami (feat. BIA),28 Apr 2018 12:59
Kali Uchis,Isolation,Body Language - Intro,28 Apr 2018 12:57
Charli XCX,After the Afterparty (feat. Lil Yachty),After the Afterparty (feat. Lil Yachty),26 Apr 2018 15:53
BØRNS,Dopamine,10000 Emerald Pools,26 Apr 2018 15:50
BØRNS,Dopamine,Holy Ghost,26 Apr 2018 15:46
Kali Uchis,Isolation,Nuestro Planeta (feat. Reykon),26 Apr 2018 15:42
Kali Uchis,Isolation,In My Dreams,26 Apr 2018 15:39
Ariana Grande,No Tears Left To Cry,no tears left to cry,26 Apr 2018 15:36
SZA,Ctrl,Love Galore,26 Apr 2018 15:31
Zayn,Mind of Mine (Deluxe Edition),TiO,26 Apr 2018 15:28
Billie Eilish,lovely (with Khalid),lovely (with Khalid),26 Apr 2018 15:25
Panic! at the Disco,Vices & Virtues,The Ballad of Mona Lisa,26 Apr 2018 15:21
dodie,You - EP,you,26 Apr 2018 15:18
Kristian Kostov,Beautiful Mess,Beautiful Mess,26 Apr 2018 15:15
BØRNS,Dopamine,Dug My Heart,26 Apr 2018 15:12
Coldplay,A Rush of Blood to the Head,The Scientist,26 Apr 2018 15:07
Coldplay,Ghost Stories,A Sky Full of Stars,26 Apr 2018 15:02
Charli XCX,SUCKER,Gold Coins,25 Apr 2018 14:17
Charli XCX,SUCKER,Break the Rules,25 Apr 2018 14:14
Charli XCX,SUCKER,Sucker,25 Apr 2018 14:11
Ariana Grande,Dangerous Woman,Moonlight,25 Apr 2018 14:08
Ariana Grande,Dangerous Woman,Into You,25 Apr 2018 14:04
Ariana Grande,Dangerous Woman,Be Alright,25 Apr 2018 14:01
Ariana Grande,My Everything (Deluxe),One Last Time,25 Apr 2018 13:58
Ariana Grande,My Everything (Deluxe),Problem,25 Apr 2018 13:54
Ariana Grande,My Everything (Deluxe),Why Try,25 Apr 2018 13:51
Ariana Grande,My Everything (Deluxe),Love Me Harder,25 Apr 2018 13:47
Ariana Grande,Yours Truly,Honeymoon Avenue,25 Apr 2018 13:41
Ariana Grande,Yours Truly,Lovin' It,25 Apr 2018 13:38
My Chemical Romance,May Death Never Stop You,Na Na Na (Na Na Na Na Na Na Na Na Na),25 Apr 2018 13:35
Allie X,CollXtion II,True Love is Violent,25 Apr 2018 13:31
Allie X,CollXtion II,Downtown,25 Apr 2018 13:27
Allie X,CollXtion II,That's So Us,25 Apr 2018 13:24
Allie X,CollXtion II,Old Habits Die Hard,25 Apr 2018 13:20
BØRNS,Dopamine,Past Lives,23 Apr 2018 16:03
Troye Sivan,Blue Neighbourhood (Deluxe),BITE,23 Apr 2018 15:59
Troye Sivan,Blue Neighbourhood (Deluxe),BITE,23 Apr 2018 15:22
Franz Joseph Haydn,Haydn: Symphonies Nos. 92 93 & 97 - 99,Symphony No. 92 in G Major Hob. I:92 - Oxford Symphony: I. Adagio - Allegro spiritoso,23 Apr 2018 14:26
BØRNS,Dopamine,10000 Emerald Pools,22 Apr 2018 17:27
BØRNS,Dopamine,Holy Ghost,22 Apr 2018 17:23
Kali Uchis,Isolation,Nuestro Planeta (feat. Reykon),22 Apr 2018 17:20
Kali Uchis,Isolation,In My Dreams,22 Apr 2018 17:16
Ariana Grande,No Tears Left To Cry,no tears left to cry,22 Apr 2018 17:13
BØRNS,Dopamine,American Money,22 Apr 2018 16:30
BØRNS,Dopamine,Electric Love,22 Apr 2018 16:26
BØRNS,Dopamine,Dug My Heart,22 Apr 2018 16:20
BØRNS,Dopamine,10000 Emerald Pools,22 Apr 2018 16:17
Avicii,True,Wake Me Up,22 Apr 2018 16:11
Kristian Kostov,Beautiful Mess,Beautiful Mess,22 Apr 2018 16:06
Blanche,City Lights,City Lights,22 Apr 2018 16:03
Kali Uchis,Isolation,Dead to Me,22 Apr 2018 15:59
Kali Uchis,Isolation,In My Dreams,22 Apr 2018 15:56
Ariana Grande,No Tears Left To Cry,no tears left to cry,22 Apr 2018 15:53
dodie,Intertwined - EP,Intertwined,22 Apr 2018 15:51
dodie,6/10,6/10,22 Apr 2018 15:48
dodie,You - EP,Would You Be So Kind,22 Apr 2018 15:45
Ariana Grande,No Tears Left To Cry,no tears left to cry,22 Apr 2018 15:40
Billie Eilish,lovely (with Khalid),lovely (with Khalid),22 Apr 2018 15:36
Kali Uchis,Isolation,Nuestro Planeta (feat. Reykon),21 Apr 2018 15:53
Lana Del Rey,Ultraviolence (Deluxe),Cruel World,21 Apr 2018 15:43
Kali Uchis,Isolation,Coming Home - Interlude,21 Apr 2018 15:41
Ariana Grande,No Tears Left To Cry,no tears left to cry,21 Apr 2018 15:37
Ariana Grande,Yours Truly,you’ll never know,21 Apr 2018 10:31
Ariana Grande,Yours Truly,The Way,21 Apr 2018 10:27
Ariana Grande,Somewhere Over The Rainbow (Live From Manchester),Somewhere Over The Rainbow - Live From Manchester,21 Apr 2018 10:22
Ariana Grande,No Tears Left To Cry,no tears left to cry,21 Apr 2018 10:19
Cardi B,Be Careful,Be Careful,21 Apr 2018 07:08
Khalid,Love Lies (with Normani),Love Lies (with Normani),21 Apr 2018 07:05
Charli XCX,Pop 2,I Got It (feat. Brooke Candy CupcakKe and Pabllo Vittar),20 Apr 2018 19:59
Lil Xan,Total Xanarchy,Moonlight,20 Apr 2018 19:56
Charli XCX,Number 1 Angel,White Roses,20 Apr 2018 19:52
Dua Lipa,Dua Lipa (Deluxe),New Rules,20 Apr 2018 19:48
Ariana Grande,No Tears Left To Cry,no tears left to cry,20 Apr 2018 14:09
Florence + the Machine,Lungs (International Version),You've Got the Love,20 Apr 2018 08:00
Florence + the Machine,Lungs (International Version),Dog Days Are Over,20 Apr 2018 07:56
Florence + the Machine,Sky Full of Song,Sky Full of Song,20 Apr 2018 07:52
Zayn,Mind of Mine (Deluxe Edition),TiO,20 Apr 2018 07:49
Taylor Swift,reputation,Delicate,20 Apr 2018 07:45
SZA,Ctrl,Love Galore,20 Apr 2018 07:40
Ariana Grande,My Everything (Deluxe),Why Try,20 Apr 2018 07:37
Ariana Grande,No Tears Left To Cry,no tears left to cry,20 Apr 2018 07:33
Ariana Grande,No Tears Left To Cry,no tears left to cry,20 Apr 2018 07:23
Daughter,His Young Heart,Landfill,18 Apr 2018 18:36
Charli XCX,Vroom Vroom EP,Vroom Vroom,18 Apr 2018 18:33
Charli XCX,Pop 2,Femmebot (feat. Dorian Electra and Mykki Blanco),18 Apr 2018 18:19
Kali Uchis,Isolation,Dead to Me,18 Apr 2018 18:15
Panic! at the Disco,Death of a Bachelor,Don't Threaten Me with a Good Time,17 Apr 2018 18:16
Panic! at the Disco,A Fever You Can't Sweat Out,I Write Sins Not Tragedies,17 Apr 2018 18:13
Panic! at the Disco,Death of a Bachelor,Emperor's New Clothes,17 Apr 2018 18:10
Panic! at the Disco,Say Amen for Silver Linings,(Fuck A) Silver Lining,17 Apr 2018 18:08
Panic! at the Disco,Too Weird to Live Too Rare to Die!,This Is Gospel,17 Apr 2018 18:04
Panic! at the Disco,Death of a Bachelor,Death of a Bachelor,17 Apr 2018 18:01
Panic! at the Disco,Say Amen for Silver Linings,Say Amen (Saturday Night),17 Apr 2018 17:58
21 Savage,Issa Album,Bank Account,17 Apr 2018 17:53
Cardi B,Invasion of Privacy,Bartier Cardi (feat. 21 Savage),17 Apr 2018 17:51
Cardi B,Bartier Cardi (feat. 21 Savage),Bartier Cardi (feat. 21 Savage),17 Apr 2018 17:47
Lil Uzi Vert,Luv Is Rage 2,XO TOUR Llif3,17 Apr 2018 17:44
Lecrae,Blessings,Blessings,17 Apr 2018 17:38
Marina & the Diamonds,The Family Jewels,Hollywood,17 Apr 2018 15:55
BØRNS,Dopamine,Past Lives,17 Apr 2018 15:50
Troye Sivan,Blue Neighbourhood (Deluxe),BITE,17 Apr 2018 15:47
Lorde,Melodrama,Supercut,17 Apr 2018 15:40
Lorde,Melodrama,Perfect Places,17 Apr 2018 15:36
Lorde,Melodrama,Liability,17 Apr 2018 15:33
Lorde,Melodrama,Homemade Dynamite - Remix,17 Apr 2018 15:30
Lorde,Melodrama,Green Light,17 Apr 2018 15:26
Lorde,Pure Heroine,Royals,17 Apr 2018 15:23
Charli XCX,Vroom Vroom EP,Vroom Vroom,17 Apr 2018 15:18
Marina & the Diamonds,The Family Jewels,Obsessions,15 Apr 2018 19:40
Marina & the Diamonds,The Family Jewels,Hermit the Frog,15 Apr 2018 19:36
Lana Del Rey,Born to Die - The Paradise Edition,Without You,15 Apr 2018 19:33
Marina & the Diamonds,Electra Heart (Deluxe),Lies,15 Apr 2018 19:28
Lana Del Rey,Born to Die - The Paradise Edition,National Anthem,15 Apr 2018 19:24
Lana Del Rey,Born to Die - The Paradise Edition,Off to the Races,15 Apr 2018 19:19
Lana Del Rey,Born to Die - The Paradise Edition,Blue Velvet,15 Apr 2018 19:17
Tove Lo,BLUE LIPS (lady wood phase II),hey you got drugs?,15 Apr 2018 17:00
Lana Del Rey,Lust for Life,When the World Was at War We Kept Dancing,15 Apr 2018 16:56
Lana Del Rey,Lust for Life,Coachella - Woodstock in My Mind,15 Apr 2018 16:51
Lana Del Rey,Ultraviolence (Deluxe),West Coast,15 Apr 2018 16:47
Lana Del Rey,Ultraviolence (Deluxe),Brooklyn Baby,15 Apr 2018 16:41
Lana Del Rey,Born to Die - The Paradise Edition,National Anthem,15 Apr 2018 16:37
Lana Del Rey,Born to Die - The Paradise Edition,Off to the Races,15 Apr 2018 16:32
Lana Del Rey,Born to Die - The Paradise Edition,Blue Velvet,15 Apr 2018 16:30
Marina & the Diamonds,FROOT,Froot,15 Apr 2018 16:24
Lana Del Rey,Born to Die - The Paradise Edition,Cola,15 Apr 2018 16:20
Marina & the Diamonds,The Family Jewels,Are You Satisfied?,15 Apr 2018 16:16
Lana Del Rey,Born to Die - The Paradise Edition,Born to Die,15 Apr 2018 16:12
Marina & the Diamonds,The Family Jewels,Hermit the Frog,15 Apr 2018 16:08
Lana Del Rey,Lust for Life,White Mustang,15 Apr 2018 16:01
Marina & the Diamonds,The Family Jewels,I Am Not a Robot,15 Apr 2018 15:58
Lana Del Rey,Lust for Life,Summer Bummer (feat. A$AP Rocky & Playboi Carti),15 Apr 2018 15:53
Lana Del Rey,Lust for Life,Cherry,15 Apr 2018 15:50
Marina & the Diamonds,Electra Heart (Deluxe),Hypocrates,15 Apr 2018 15:46
Charli XCX,Vroom Vroom EP,Vroom Vroom,15 Apr 2018 15:43
Charli XCX,Pop 2,Femmebot (feat. Dorian Electra and Mykki Blanco),15 Apr 2018 15:39
Kali Uchis,Isolation,Dead to Me,15 Apr 2018 15:36
Marina & the Diamonds,The Family Jewels,Are You Satisfied?,14 Apr 2018 17:20
